Effective date 	S&P/ASX 200 Energy (Sector)   (31-MAR-2000)   (TR)	S&P/ASX 200 Energy (Sector)
30/04/2008	100336.89	16379.29
1/05/2008	102819.97	16784.63
2/05/2008	104072.11	16989.04
5/05/2008	107198.38	17499.38
6/05/2008	107795.32	17596.82
7/05/2008	107241.95	17506.49
8/05/2008	108581.63	17725.18
9/05/2008	109206.37	17827.17
12/05/2008	109004.87	17794.27
13/05/2008	110787.4	18085.26
14/05/2008	110964.59	18114.18
15/05/2008	113028.46	18451.1
16/05/2008	114011.27	18611.53
19/05/2008	120050.87	19597.45
20/05/2008	118385.6	19325.61
21/05/2008	118825.33	19397.39
22/05/2008	121429.25	19822.47
23/05/2008	118191.15	19293.87
26/05/2008	115642.66	18877.85
27/05/2008	116614.56	19036.5
28/05/2008	114167.31	18637.01
29/05/2008	120102.82	19605.94
30/05/2008	120135.07	19611.2
2/06/2008	122734.28	20035.5
3/06/2008	122446.95	19988.6
4/06/2008	119884.04	19570.22
5/06/2008	113553.09	18536.74
6/06/2008	115525.38	18858.7
10/06/2008	115413.01	18840.36
11/06/2008	115452.59	18846.82
12/06/2008	115556.27	18863.74
13/06/2008	117386.14	19162.46
16/06/2008	115614.1	18873.18
17/06/2008	117170.25	19127.21
18/06/2008	118283.36	19308.92
19/06/2008	120759.84	19713.19
20/06/2008	116757.65	19059.86
23/06/2008	118284.52	19309.11
24/06/2008	121150.73	19777
25/06/2008	121225.53	19786.32
26/06/2008	121213.21	19784.31
27/06/2008	121821.83	19883.65
30/06/2008	122083.8	19926.41
1/07/2008	118963.94	19417.19
2/07/2008	119461.78	19498.44
3/07/2008	114506.95	18689.72
4/07/2008	114084.27	18620.73
7/07/2008	112106.12	18297.86
8/07/2008	110538.99	18042.07
9/07/2008	110585.99	18049.74
10/07/2008	108947.35	17782.29
11/07/2008	111969.19	18275.51
14/07/2008	111952.86	18272.84
15/07/2008	112444.96	18353.16
16/07/2008	110890.71	18099.48
17/07/2008	109146.71	17814.83
18/07/2008	104585.03	17070.27
21/07/2008	105773.39	17264.24
22/07/2008	106961.84	17458.21
23/07/2008	105590.59	17234.4
24/07/2008	102612.15	16748.26
25/07/2008	102404.46	16714.36
28/07/2008	101609.41	16584.6
29/07/2008	102570.47	16741.46
30/07/2008	103194.31	16843.28
31/07/2008	105327.85	17191.52
1/08/2008	103817.46	16944.99
4/08/2008	104833.72	17110.86
5/08/2008	99976.46	16318.07
6/08/2008	99237.97	16197.53
7/08/2008	99316.05	16210.27
8/08/2008	100989.16	16483.36
11/08/2008	100043.77	16329.05
12/08/2008	98805.68	16126.97
13/08/2008	98845.93	16133.54
14/08/2008	103582.23	16906.6
15/08/2008	102860.72	16788.83
18/08/2008	104953.06	17130.34
19/08/2008	102185.66	16678.65
20/08/2008	103898.48	16957.1
21/08/2008	104581.56	17068.59
22/08/2008	107674.88	17573.44
25/08/2008	107590	17559.59
26/08/2008	107573.61	17556.91
27/08/2008	109703.05	17876.38
28/08/2008	112945.8	18404.79
29/08/2008	114783.83	18704.3
1/09/2008	114282.01	18534.17
2/09/2008	111422.82	18070.47
3/09/2008	107500.64	17410
4/09/2008	105169.64	17032.49
5/09/2008	103067.61	16692.06
8/09/2008	110685.16	17907.79
9/09/2008	108228.91	17510.4
10/09/2008	104674.85	16935.38
11/09/2008	103160.83	16690.43
12/09/2008	104855.29	16964.58
15/09/2008	103759.06	16787.22
16/09/2008	100001.02	16179.2
17/09/2008	100655.7	16285.12
18/09/2008	99054.94	16013.9
19/09/2008	102849.2	16627.31
22/09/2008	106037.93	17132.96
23/09/2008	105626.99	17066.56
24/09/2008	107918.64	17436.84
25/09/2008	108357.86	17507.8
26/09/2008	107233.38	17326.12
29/09/2008	105649.57	17068.06
30/09/2008	100140.62	16178.07
1/10/2008	102558.45	16568.68
2/10/2008	100773.5	16280.31
3/10/2008	97768.97	15794.92
6/10/2008	92838.24	14998.35
7/10/2008	90712.65	14654.95
8/10/2008	84310.26	13620.62
9/10/2008	80627.19	13016.13
10/10/2008	71098.75	11477.89
13/10/2008	72572.61	11715.83
14/10/2008	79570.21	12845.49
15/10/2008	78189.1	12622.53
16/10/2008	71105.07	11478.91
17/10/2008	69547.31	11227.44
20/10/2008	73467.28	11860.26
21/10/2008	78468.43	12667.63
22/10/2008	76654.18	12374.74
23/10/2008	73615.56	11884.2
24/10/2008	72873.9	11764.47
27/10/2008	70274.43	11344.82
28/10/2008	72005.71	11624.31
29/10/2008	74787.82	12073.44
30/10/2008	80936.46	13066.05
31/10/2008	80619.02	13014.81
3/11/2008	83504.29	13480.59
4/11/2008	85009.34	13723.56
5/11/2008	88099.32	14176.95
6/11/2008	84689.58	13628.25
7/11/2008	81990.6	13193.93
10/11/2008	84107.95	13534.66
11/11/2008	81834.64	13168.84
12/11/2008	81689.09	13145.41
13/11/2008	77459.81	12464.84
14/11/2008	79034.87	12718.3
17/11/2008	78408.7	12617.53
18/11/2008	75538.88	12155.72
19/11/2008	73949.5	11899.96
20/11/2008	69476.59	11180.18
21/11/2008	67506.91	10863.22
24/11/2008	69183.68	11133.04
25/11/2008	73937.06	11897.96
26/11/2008	71460.17	11499.38
27/11/2008	73995.37	11907.34
28/11/2008	77156.95	12416.1
1/12/2008	75808.65	12199.13
2/12/2008	72237.79	11624.51
3/12/2008	71435.32	11495.38
4/12/2008	70894.43	11408.34
5/12/2008	68511.74	11024.91
8/12/2008	72475.3	11662.73
9/12/2008	72718.55	11701.87
10/12/2008	75035.65	12074.74
11/12/2008	75156.56	12094.2
12/12/2008	74101.39	11924.4
15/12/2008	78227.43	12588.36
16/12/2008	75505.78	12150.4
17/12/2008	77787.57	12517.58
18/12/2008	75623.53	12169.34
19/12/2008	73295.63	11794.74
22/12/2008	71290.07	11472
23/12/2008	71309.61	11475.15
24/12/2008	73131.04	11768.25
29/12/2008	75020.95	12072.38
30/12/2008	76733.83	12348.01
31/12/2008	78834.31	12686.02
2/01/2009	79033.66	12718.1
5/01/2009	79258.65	12754.31
6/01/2009	80643.99	12977.24
7/01/2009	81893.66	13178.33
8/01/2009	78497.94	12631.89
9/01/2009	78157.35	12577.09
12/01/2009	76634.69	12332.06
13/01/2009	74548.46	11996.34
14/01/2009	75934.69	12219.42
15/01/2009	73166.56	11773.97
16/01/2009	73509.79	11829.2
19/01/2009	75226.29	12105.42
20/01/2009	71990.97	11584.79
21/01/2009	72872.06	11726.58
22/01/2009	72784.08	11712.42
23/01/2009	70115.58	11283
27/01/2009	72269.8	11629.66
28/01/2009	72385.06	11648.21
29/01/2009	73495.33	11826.87
30/01/2009	74176.71	11936.52
2/02/2009	73268.76	11790.41
3/02/2009	72259.58	11628.02
4/02/2009	70568.68	11355.92
5/02/2009	70700.4	11377.11
6/02/2009	70750.6	11385.19
9/02/2009	71482.34	11500.14
10/02/2009	71867.45	11562.09
11/02/2009	72281.53	11628.71
12/02/2009	72623.93	11683.8
13/02/2009	73010.61	11746.01
16/02/2009	73095.73	11759.7
17/02/2009	72421.33	11651.2
18/02/2009	71425.4	11490.98
19/02/2009	72172.88	11611.23
20/02/2009	70951.59	11414.75
23/02/2009	70337.83	11261.14
24/02/2009	71643.84	11470.23
25/02/2009	72592.66	11596.86
26/02/2009	74688.21	11931.63
27/02/2009	76174.27	12169.03
2/03/2009	74115.46	11840.13
3/03/2009	73074.46	11626.17
4/03/2009	72316.48	11489.88
5/03/2009	73650.61	11701.85
6/03/2009	75234.37	11952.9
9/03/2009	76600.03	12169.87
10/03/2009	78173.38	12419.84
11/03/2009	78851.39	12527.56
12/03/2009	77287.24	12279.05
13/03/2009	79575.81	12642.65
16/03/2009	76970.28	12228.69
17/03/2009	79458.17	12623.96
18/03/2009	78970.73	12546.52
19/03/2009	79306.13	12599.8
20/03/2009	79782.87	12675.55
23/03/2009	81890.11	13010.33
24/03/2009	83432.25	13255.34
25/03/2009	85204.62	13535.28
26/03/2009	87231.2	13851.63
27/03/2009	86647.57	13758.95
30/03/2009	84048.27	13346.2
31/03/2009	83003.88	13180.36
1/04/2009	83784.15	13304.26
2/04/2009	84946.95	13488.91
3/04/2009	86258.58	13697.18
6/04/2009	86491.07	13734.1
7/04/2009	85250.82	13537.16
8/04/2009	83107.59	13196.83
9/04/2009	84976.74	13482.34
14/04/2009	85784.86	13610.55
15/04/2009	85467.46	13560.19
16/04/2009	86058.34	13653.94
17/04/2009	85138.55	13508.01
20/04/2009	86121.57	13663.97
21/04/2009	83706.03	13280.73
22/04/2009	83759.55	13289.22
23/04/2009	85341.91	13540.27
24/04/2009	84999.13	13485.89
27/04/2009	85840.41	13619.36
28/04/2009	85020.84	13489.33
29/04/2009	85915.93	13631.35
30/04/2009	86968	13798.27
1/05/2009	87323.97	13854.75
4/05/2009	91692.89	14547.92
5/05/2009	92119.13	14615.54
6/05/2009	91447.94	14509.05
7/05/2009	94554.71	15001.97
8/05/2009	95317.36	15122.97
11/05/2009	95742.59	15190.44
12/05/2009	95074.12	15084.38
13/05/2009	93176.96	14783.38
14/05/2009	89303.54	14168.82
15/05/2009	90932.14	14427.21
18/05/2009	89907.34	14264.62
19/05/2009	92463.55	14670.19
20/05/2009	92510.8	14677.68
21/05/2009	92314.2	14646.49
22/05/2009	90030.99	14284.24
25/05/2009	90962.29	14432
26/05/2009	91297.69	14485.21
27/05/2009	92161.58	14622.28
28/05/2009	92009.08	14598.08
29/05/2009	92491.68	14674.65
1/06/2009	94348.22	14969.21
2/06/2009	95892.14	15214.16
3/06/2009	96511.55	15312.44
4/06/2009	93345.96	14810.19
5/06/2009	94300.93	14961.7
9/06/2009	92331.44	14649.23
10/06/2009	94782.99	15038.19
11/06/2009	96201.56	15263.26
12/06/2009	95918.81	15218.39
15/06/2009	94232.02	14950.77
16/06/2009	90913.78	14424.3
17/06/2009	90023.13	14282.99
18/06/2009	90333.25	14332.19
19/06/2009	90954.89	14430.82
22/06/2009	91439.72	14507.75
23/06/2009	88073.66	13973.69
24/06/2009	88715.13	14075.47
25/06/2009	90304.95	14327.71
26/06/2009	92087.55	14610.53
29/06/2009	90915.01	14424.5
30/06/2009	92832.22	14728.68
1/07/2009	91319.25	14488.63
2/07/2009	89875.17	14259.52
3/07/2009	89084.83	14134.12
6/07/2009	87137.06	13825.09
7/07/2009	86229.98	13681.17
8/07/2009	84810.65	13455.98
9/07/2009	85645.72	13588.48
10/07/2009	85822.46	13616.52
13/07/2009	84758.01	13447.63
14/07/2009	87490.21	13881.12
15/07/2009	89292.17	14167.02
16/07/2009	90868.99	14417.19
17/07/2009	91671.77	14544.56
20/07/2009	93396.03	14818.13
21/07/2009	94008.84	14915.36
22/07/2009	94689.07	15023.29
23/07/2009	95341.6	15126.82
24/07/2009	95524.39	15155.82
27/07/2009	96248.99	15270.78
28/07/2009	96578.24	15323.02
29/07/2009	95480.65	15148.88
30/07/2009	95049.51	15080.47
31/07/2009	96676.62	15338.63
3/08/2009	96497.49	15310.21
4/08/2009	96501.8	15310.89
5/08/2009	94844.23	15047.9
6/08/2009	95005.91	15073.56
7/08/2009	94434.6	14982.91
10/08/2009	94118.48	14931.06
11/08/2009	94787.77	15037.24
12/08/2009	94270.52	14955.18
13/08/2009	96867.61	15367.18
14/08/2009	97151.74	15412.26
17/08/2009	96550.25	15316.84
18/08/2009	94967.75	15065.79
19/08/2009	96400.65	15293.1
20/08/2009	98228.16	15583.02
21/08/2009	97592.53	15482.18
24/08/2009	101490.03	16048.88
25/08/2009	101480.83	16003.46
26/08/2009	102449.89	16119.58
27/08/2009	102321.2	16099.33
28/08/2009	104687.09	16449.56
31/08/2009	103617.36	16281.47
1/09/2009	103465.67	16257.64
2/09/2009	100717.89	15825.88
3/09/2009	100137.53	15734.68
4/09/2009	100674.14	15819
7/09/2009	100674.18	15819.01
8/09/2009	101959.57	16020.98
9/09/2009	101320.08	15920.5
10/09/2009	103074.49	16196.17
11/09/2009	103054.49	16193.03
14/09/2009	101678.64	15972.49
15/09/2009	101818.04	15994.39
16/09/2009	104590.81	16429.96
17/09/2009	105355.9	16550.14
18/09/2009	105159.14	16516.24
21/09/2009	105295.57	16537.67
22/09/2009	103819.84	16305.89
23/09/2009	106322.07	16698.89
24/09/2009	104743.38	16450.94
25/09/2009	104882.74	16472.83
28/09/2009	103471.2	16251.14
29/09/2009	104518.34	16415.6
30/09/2009	105216.75	16525.29
1/10/2009	105146.32	16514.23
2/10/2009	102893.98	16160.48
5/10/2009	102742.66	16136.71
6/10/2009	103306.63	16225.29
7/10/2009	104821.81	16463.26
8/10/2009	105085.96	16504.75
9/10/2009	104582.99	16417.25
12/10/2009	105005.46	16483.56
13/10/2009	105570.46	16572.26
14/10/2009	107241.3	16834.54
15/10/2009	107707.88	16907.79
16/10/2009	107435.53	16865.03
19/10/2009	106496.36	16717.6
20/10/2009	106768.8	16760.37
21/10/2009	107301	16843.91
22/10/2009	106679.61	16746.37
23/10/2009	105680.84	16589.58
26/10/2009	104708.61	16434.94
27/10/2009	101984.73	16007.4
28/10/2009	100997.36	15852.42
29/10/2009	98099.31	15397.55
30/10/2009	99670.99	15644.24
2/11/2009	98805.32	15508.36
3/11/2009	98352.34	15437.26
4/11/2009	98276.14	15425.3
5/11/2009	98352.82	15437.34
6/11/2009	99885.6	15677.92
9/11/2009	101227.99	15888.62
10/11/2009	102724.07	16123.45
11/11/2009	102877.1	16147.46
12/11/2009	101723.48	15966.39
13/11/2009	101037.32	15858.69
16/11/2009	103114.72	16184.76
17/11/2009	102562.14	16098.03
18/11/2009	102089.36	16023.82
19/11/2009	102080.07	16013.96
20/11/2009	100920.34	15832.03
23/11/2009	100951.62	15836.93
24/11/2009	100544.67	15773.09
25/11/2009	100863.6	15823.13
26/11/2009	100775.41	15809.29
27/11/2009	97763.48	15336.79
30/11/2009	99698.59	15640.36
1/12/2009	100339.89	15740.97
2/12/2009	101570	15933.94
3/12/2009	101982.59	15998.67
4/12/2009	100948.62	15836.46
7/12/2009	99989.71	15686.03
8/12/2009	99738.98	15646.7
9/12/2009	98493.56	15451.32
10/12/2009	97122.59	15236.25
11/12/2009	97386.7	15277.68
14/12/2009	97009.65	15218.53
15/12/2009	97959.16	15367.49
16/12/2009	98594.51	15467.16
17/12/2009	98710.4	15485.34
18/12/2009	99718.44	15643.48
21/12/2009	99261.01	15571.72
22/12/2009	100172.69	15714.74
23/12/2009	100518.72	15769.02
24/12/2009	101107.2	15861.34
29/12/2009	102179.38	16029.54
30/12/2009	101959.97	15995.12
31/12/2009	102751.12	16119.23
4/01/2010	103515.33	16239.12
5/01/2010	105058.65	16481.23
6/01/2010	105302.28	16519.45
7/01/2010	105945	16620.28
8/01/2010	106162.25	16654.36
11/01/2010	106793.26	16753.35
12/01/2010	105453.95	16543.24
13/01/2010	103748.84	16275.75
14/01/2010	103423.41	16224.7
15/01/2010	102341.71	16055.01
18/01/2010	102222.41	16036.29
19/01/2010	100665.93	15792.12
20/01/2010	100106.98	15704.43
21/01/2010	98121.64	15392.98
22/01/2010	96646.64	15161.58
25/01/2010	96108.25	15077.12
27/01/2010	94012.44	14748.34
28/01/2010	94418.25	14812
29/01/2010	92636.12	14532.43
1/02/2010	90273.99	14161.87
2/02/2010	93152.16	14613.38
3/02/2010	93723.57	14703.02
4/02/2010	93963.94	14740.73
5/02/2010	90467.89	14192.28
8/02/2010	90711.9	14230.56
9/02/2010	90233.17	14155.46
10/02/2010	90231.61	14155.22
11/02/2010	92491.18	14509.69
12/02/2010	92907.6	14575.02
15/02/2010	92955.99	14579.65
16/02/2010	92698.31	14539.24
17/02/2010	94790.92	14867.45
18/02/2010	94396.36	14805.57
19/02/2010	94211.02	14776.5
22/02/2010	96189.37	15086.79
23/02/2010	96092.69	15071.63
24/02/2010	94546.56	14782.57
25/02/2010	93157.48	14565.39
26/02/2010	93441.16	14609.74
1/03/2010	94575.27	14732.03
2/03/2010	95328.53	14799.98
3/03/2010	95472.8	14822.37
4/03/2010	95346.65	14802.79
5/03/2010	95773.03	14868.07
8/03/2010	99347.71	15423.01
9/03/2010	99753.38	15485.99
10/03/2010	99570.83	15457.65
11/03/2010	99329.24	15415.58
12/03/2010	99766.3	15483.41
15/03/2010	99567.22	15452.52
16/03/2010	99084.38	15377.58
17/03/2010	101404.35	15737.63
18/03/2010	101686.55	15781.43
19/03/2010	102414.05	15894.34
22/03/2010	101593.58	15767
23/03/2010	102522.41	15911.15
24/03/2010	102834.56	15959.6
25/03/2010	103219.16	16017.7
26/03/2010	102729.64	15938.67
29/03/2010	102426.81	15891.68
30/03/2010	102760.14	15943.4
31/03/2010	102539.38	15909.15
1/04/2010	103359.36	16036.37
6/04/2010	105182.22	16319.19
7/04/2010	105041.84	16297.41
8/04/2010	104150.05	16159.05
9/04/2010	105179.75	16318.81
12/04/2010	105727.67	16403.82
13/04/2010	103725.98	16093.25
14/04/2010	104260.74	16176.22
15/04/2010	104267.03	16177.2
16/04/2010	102724.17	15937.82
19/04/2010	101427.2	15736.59
20/04/2010	101982.96	15822.82
21/04/2010	103071.53	15991.72
22/04/2010	102312.46	15873.94
23/04/2010	101437.25	15738.15
27/04/2010	101268.31	15711.94
28/04/2010	99672.69	15464.38
29/04/2010	99008.52	15361.33
30/04/2010	100140.41	15536.95
3/05/2010	98691.1	15312.08
4/05/2010	97064.27	15059.68
5/05/2010	96021.06	14897.82
6/05/2010	95289.58	14784.33
7/05/2010	93966.17	14579
10/05/2010	95663.17	14842.3
11/05/2010	94365.32	14640.93
12/05/2010	95767.73	14858.52
13/05/2010	98113.21	15222.42
14/05/2010	97273.09	15092.08
17/05/2010	93777.96	14549.8
18/05/2010	93277.9	14472.22
19/05/2010	91582.05	14209.1
20/05/2010	89711.06	13918.82
21/05/2010	89556.25	13894.8
24/05/2010	91948.39	14265.94
25/05/2010	88395.32	13714.68
26/05/2010	90092.08	13977.93
27/05/2010	92096.27	14288.89
28/05/2010	93701.15	14537.88
31/05/2010	93279.94	14472.53
1/06/2010	93979.53	14581.08
2/06/2010	92616.32	14369.57
3/06/2010	94891.1	14722.51
4/06/2010	95039.57	14745.54
7/06/2010	92010.08	14275.51
8/06/2010	93457.93	14500.15
9/06/2010	92927.51	14417.85
10/06/2010	94795.24	14707.63
11/06/2010	96716.36	15005.7
15/06/2010	96218.49	14928.45
16/06/2010	97251.37	15088.71
17/06/2010	96646.88	14994.92
18/06/2010	96909.77	15035.71
21/06/2010	98150.53	15228.21
22/06/2010	96814.53	15020.93
23/06/2010	94734.25	14698.17
24/06/2010	94472.83	14657.61
25/06/2010	92930.01	14418.24
28/06/2010	92565.98	14361.76
29/06/2010	91431.49	14185.74
30/06/2010	90832.37	14092.79
1/07/2010	89417.15	13873.22
2/07/2010	88892.33	13791.79
5/07/2010	89720.46	13920.27
6/07/2010	90964.39	14113.27
7/07/2010	90071.5	13974.74
8/07/2010	91979.45	14270.76
9/07/2010	94594.76	14676.53
12/07/2010	95270.9	14781.43
13/07/2010	93993.65	14583.27
14/07/2010	95364.95	14796.03
15/07/2010	94811.1	14710.1
16/07/2010	94524.74	14665.67
19/07/2010	93157.45	14453.53
20/07/2010	93239.24	14466.22
21/07/2010	92839.02	14404.12
22/07/2010	92986.27	14426.97
23/07/2010	95017.46	14742.11
26/07/2010	95272.11	14781.62
27/07/2010	95332.45	14790.98
28/07/2010	95817.77	14866.28
29/07/2010	95084.78	14752.56
30/07/2010	94262.24	14621.89
2/08/2010	95224.59	14771.17
3/08/2010	95776.21	14856.73
4/08/2010	95756.52	14853.68
5/08/2010	96791.04	15014.15
6/08/2010	96426.92	14957.67
9/08/2010	96861.09	15024.04
10/08/2010	95686.98	14841.93
11/08/2010	94778.27	14700.98
12/08/2010	93534.92	14508.12
13/08/2010	95541.77	14819.41
16/08/2010	96214.96	14923.82
17/08/2010	96270.09	14932.37
18/08/2010	97071.33	15056.65
19/08/2010	97754.11	15162.56
20/08/2010	96470.97	14963.53
23/08/2010	96883.73	14969.8
24/08/2010	96042.32	14839.79
25/08/2010	93762.39	14487.51
26/08/2010	94973.19	14674.6
27/08/2010	95011.18	14680.47
30/08/2010	96607.88	14910.83
31/08/2010	95372.06	14675.67
1/09/2010	97198.31	14911.75
2/09/2010	97584	14970.92
3/09/2010	97667.87	14983.79
6/09/2010	97841.44	15008.23
7/09/2010	97944.97	15024.11
8/09/2010	96881.1	14860.92
9/09/2010	96468.73	14797.67
10/09/2010	95456.58	14642.41
13/09/2010	96779.27	14839.6
14/09/2010	97506.37	14951.09
15/09/2010	97906.43	15012.44
16/09/2010	97339.85	14925.56
17/09/2010	98846.71	15156.61
20/09/2010	98575.13	15114.97
21/09/2010	98355.78	15081.34
22/09/2010	98910.35	15166.37
23/09/2010	98787.42	15147.52
24/09/2010	98435.59	15093.58
27/09/2010	99827.35	15306.98
28/09/2010	99412.53	15243.37
29/09/2010	98819.01	15152.37
30/09/2010	97755.73	14989.33
1/10/2010	98359.04	15081.84
4/10/2010	99225.52	15214.7
5/10/2010	98345.67	15079.79
6/10/2010	99385.29	15239.2
7/10/2010	99648.69	15279.59
8/10/2010	99531.93	15261.68
11/10/2010	100444.97	15401.68
12/10/2010	98887.85	15162.92
13/10/2010	98877.77	15161.38
14/10/2010	100736.28	15446.35
15/10/2010	100887.51	15469.54
18/10/2010	100007.56	15334.61
19/10/2010	100458.43	15403.75
20/10/2010	99290.28	15224.63
21/10/2010	98707.06	15135.2
22/10/2010	99468.5	15251.96
25/10/2010	101143.78	15508.83
26/10/2010	100523.52	15413.73
27/10/2010	99515.65	15259.19
28/10/2010	100127.06	15352.94
29/10/2010	99216.62	15213.33
1/11/2010	99981.63	15330.64
2/11/2010	100069.53	15344.12
3/11/2010	100686.56	15438.73
4/11/2010	102269.63	15681.47
5/11/2010	104471.48	16019.09
8/11/2010	105534.25	16182.04
9/11/2010	102903.05	15778.59
10/11/2010	101778.52	15606.16
11/11/2010	102764.02	15757.27
12/11/2010	102474.71	15712.91
15/11/2010	102006.9	15641.18
16/11/2010	101718.74	15596.99
17/11/2010	98879.43	15161.63
18/11/2010	99513.31	15258.83
19/11/2010	99652.12	15280.11
22/11/2010	100337.3	15385.17
23/11/2010	98674.46	15130.2
24/11/2010	98475.64	15099.72
25/11/2010	98708.02	15135.35
26/11/2010	99485	15254.49
29/11/2010	100376.21	15391.14
30/11/2010	100517.97	15412.88
1/12/2010	99959.38	15327.23
2/12/2010	102122.67	15658.93
3/12/2010	102750.68	15755.23
6/12/2010	103765.85	15910.89
7/12/2010	104242.38	15983.96
8/12/2010	103646.36	15892.57
9/12/2010	104429.17	16012.6
10/12/2010	104887.22	16082.83
13/12/2010	104889.44	16083.17
14/12/2010	105367.91	16156.54
15/12/2010	105599.77	16192.09
16/12/2010	106338.9	16305.43
17/12/2010	105691.07	16206.09
20/12/2010	106047.39	16260.73
21/12/2010	105993.31	16252.44
22/12/2010	105683.26	16204.89
23/12/2010	105952.56	16246.19
24/12/2010	105646.01	16199.18
29/12/2010	105714.32	16209.66
30/12/2010	105820.04	16225.87
31/12/2010	105093.19	16114.41
4/01/2011	105614.2	16194.3
5/01/2011	104469.06	16018.71
6/01/2011	104946.51	16091.92
7/01/2011	105034.58	16105.43
10/01/2011	105393.28	16160.43
11/01/2011	105218.01	16133.55
12/01/2011	105847.11	16230.02
13/01/2011	106943.23	16398.09
14/01/2011	106998.95	16406.63
17/01/2011	106226.56	16288.2
18/01/2011	107344.7	16459.65
19/01/2011	108061.61	16569.58
20/01/2011	106870.39	16386.92
21/01/2011	105420.8	16164.65
24/01/2011	105550.56	16184.55
25/01/2011	105715.98	16209.91
27/01/2011	105786.36	16220.7
28/01/2011	104268.26	15987.93
31/01/2011	103802.32	15916.48
1/02/2011	104602.14	16039.12
2/02/2011	106159.34	16277.89
3/02/2011	105988.4	16251.68
4/02/2011	106316.91	16302.05
7/02/2011	106723.55	16364.41
8/02/2011	106795.56	16375.45
9/02/2011	106872.1	16387.18
10/02/2011	107058.48	16415.76
11/02/2011	106311.4	16301.21
14/02/2011	107199.79	16437.43
15/02/2011	107134.12	16427.36
16/02/2011	106679.78	16357.69
17/02/2011	107369.71	16463.48
18/02/2011	107746.38	16521.24
21/02/2011	107318.5	16455.63
22/02/2011	106526.35	16334.17
23/02/2011	106368.21	16285.87
24/02/2011	105533.52	16094.77
25/02/2011	106521.43	16245.43
28/02/2011	107790.93	16424.93
1/03/2011	107203.97	16292.89
2/03/2011	107126.83	16273.33
3/03/2011	107800.55	16375.67
4/03/2011	108090.98	16419.79
7/03/2011	107338.98	16303.98
8/03/2011	107895.32	16387.08
9/03/2011	107256.37	16285.91
10/03/2011	105406.54	16005.03
11/03/2011	104267.93	15832.14
14/03/2011	103730.71	15750.57
15/03/2011	101042.2	15342.34
16/03/2011	102637.96	15584.64
17/03/2011	103702.28	15746.25
18/03/2011	107095.04	16261.41
21/03/2011	108099.63	16413.95
22/03/2011	107219.59	16280.32
23/03/2011	108140.34	16420.13
24/03/2011	108965.7	16545.45
25/03/2011	111298.92	16899.73
28/03/2011	111406.51	16916.07
29/03/2011	111672.89	16956.52
30/03/2011	112590.35	17095.82
31/03/2011	111787.28	16973.88
1/04/2011	113140.12	17179.3
4/04/2011	113842.25	17285.91
5/04/2011	113212.93	17190.36
6/04/2011	113260.67	17197.61
7/04/2011	114120.6	17328.18
8/04/2011	115090.03	17475.38
11/04/2011	116809.58	17736.48
12/04/2011	113283.47	17201.07
13/04/2011	112593.62	17096.32
14/04/2011	112509.69	17083.58
15/04/2011	112116.43	17023.86
18/04/2011	111904.3	16991.65
19/04/2011	109671.43	16652.61
20/04/2011	111298.17	16899.62
21/04/2011	113079.56	17170.11
27/04/2011	112544.12	17088.8
28/04/2011	112062.94	17015.74
29/04/2011	109272.69	16592.07
2/05/2011	108610.32	16491.49
3/05/2011	107438.63	16313.58
4/05/2011	106455.44	16164.29
5/05/2011	107907.07	16384.71
6/05/2011	106410.35	16157.45
9/05/2011	107425.02	16311.51
10/05/2011	106856.72	16225.22
11/05/2011	108682.34	16502.43
12/05/2011	105754.95	16057.93
13/05/2011	105872.82	16075.83
16/05/2011	103783.27	15758.55
17/05/2011	104352.18	15844.93
18/05/2011	104607.38	15883.68
19/05/2011	106759.37	16210.44
20/05/2011	106660.01	16195.36
23/05/2011	104607.31	15883.67
24/05/2011	104659.64	15891.62
25/05/2011	103735.2	15751.25
26/05/2011	106314.66	16142.92
27/05/2011	107017.09	16249.58
30/05/2011	107129.74	16266.68
31/05/2011	108504.08	16475.36
1/06/2011	108751.52	16512.93
2/06/2011	106389.39	16154.26
3/06/2011	105574.69	16030.56
6/06/2011	104908.06	15929.34
7/06/2011	103876.62	15772.72
8/06/2011	101919.15	15475.5
9/06/2011	102222.48	15521.56
10/06/2011	102649.93	15586.46
14/06/2011	102521.04	15566.89
15/06/2011	101821.62	15460.69
16/06/2011	99493.52	15107.19
17/06/2011	98253.66	14918.93
20/06/2011	96190.78	14605.7
21/06/2011	97926.77	14869.29
22/06/2011	98509.57	14957.78
23/06/2011	97616.32	14822.15
24/06/2011	97203.46	14759.46
27/06/2011	95452.18	14493.55
28/06/2011	94710.84	14380.98
29/06/2011	97145.86	14750.72
30/06/2011	99346.64	15084.89
1/07/2011	98880.54	15014.11
4/07/2011	99251.02	15070.37
5/07/2011	98614.87	14973.77
6/07/2011	98458.31	14950
7/07/2011	98350.51	14933.63
8/07/2011	99696.34	15137.99
11/07/2011	97739.68	14840.88
12/07/2011	96344	14628.96
13/07/2011	97115.75	14746.15
14/07/2011	97348.29	14781.45
15/07/2011	96581.38	14665.01
18/07/2011	95455.07	14493.99
19/07/2011	96383.16	14634.91
20/07/2011	98092.39	14894.44
21/07/2011	98296.88	14925.49
22/07/2011	99120.73	15050.58
25/07/2011	96729.54	14687.5
26/07/2011	98595.59	14970.85
27/07/2011	98212.39	14912.66
28/07/2011	96365.35	14632.21
29/07/2011	95360.81	14479.67
1/08/2011	97091.69	14742.49
2/08/2011	95496.94	14500.34
3/08/2011	93095.94	14135.77
4/08/2011	91054.43	13825.79
5/08/2011	85957.83	13051.92
8/08/2011	83817.45	12726.92
9/08/2011	85328.15	12956.31
10/08/2011	88605.78	13453.98
11/08/2011	88683.97	13465.86
12/08/2011	88896.46	13498.12
15/08/2011	91802.98	13939.45
16/08/2011	90186.87	13694.06
17/08/2011	91494.27	13892.58
18/08/2011	89044.2	13520.55
19/08/2011	84896.17	12890.71
22/08/2011	85014.8	12849.33
23/08/2011	87756.81	13263.77
24/08/2011	87560.18	13209.54
25/08/2011	89545.72	13509.08
26/08/2011	89290.95	13470.65
29/08/2011	90895.78	13643.74
30/08/2011	90269.4	13549.71
31/08/2011	90338.3	13555.77
1/09/2011	90790.52	13623.63
2/09/2011	89575.59	13441.32
5/09/2011	86452.64	12970.68
6/09/2011	84653.2	12700.71
7/09/2011	86278.34	12944.53
8/09/2011	86975.78	13049.17
9/09/2011	86770.81	13014.61
12/09/2011	82546.56	12379.35
13/09/2011	84749.18	12709.67
14/09/2011	82511.03	12374.02
15/09/2011	84754.16	12710.42
16/09/2011	87248.15	13084.44
19/09/2011	84975.1	12743.55
20/09/2011	84435.87	12662.68
21/09/2011	85880.55	12879.34
22/09/2011	82865.48	12427.18
23/09/2011	80515.72	12074.79
26/09/2011	77382.95	11604.97
27/09/2011	80836.04	12122.82
28/09/2011	81954.15	12290.5
29/09/2011	82220.99	12330.52
30/09/2011	83211.6	12479.08
3/10/2011	80848.55	12124.7
4/10/2011	80343.83	12049.01
5/10/2011	82860.54	12426.43
6/10/2011	86267.91	12937.43
7/10/2011	88901.12	13332.33
10/10/2011	90562.66	13581.51
11/10/2011	91072.54	13657.97
12/10/2011	90062.95	13506.57
13/10/2011	91026.56	13651.08
14/10/2011	90148.02	13519.32
17/10/2011	91284.02	13689.69
18/10/2011	89438.9	13412.98
19/10/2011	89887.36	13480.23
20/10/2011	87979.91	13194.18
21/10/2011	87974.73	13193.4
24/10/2011	91180.6	13674.18
25/10/2011	90454.51	13565.29
26/10/2011	90842.07	13623.41
27/10/2011	93954.11	14090.12
28/10/2011	93749.52	14059.43
31/10/2011	93484.53	14019.69
1/11/2011	92599.16	13886.92
2/11/2011	91648.7	13744.38
3/11/2011	91059	13655.94
4/11/2011	92986.8	13945.05
7/11/2011	92701.28	13902.23
8/11/2011	93217.85	13979.7
9/11/2011	94706.3	14202.92
10/11/2011	92409.21	13858.43
11/11/2011	93876.38	14078.46
14/11/2011	94518.62	14174.77
15/11/2011	94409.48	14158.41
16/11/2011	92478.17	13868.77
17/11/2011	92950.91	13939.67
18/11/2011	91639.23	13742.96
21/11/2011	91837.46	13772.69
22/11/2011	90947.97	13639.29
23/11/2011	89542.71	13428.55
24/11/2011	88918.12	13334.88
25/11/2011	86942.58	13038.61
28/11/2011	87935.85	13187.57
29/11/2011	88993.68	13346.21
30/11/2011	89456.63	13415.64
1/12/2011	91693.93	13751.16
2/12/2011	93042.76	13953.44
5/12/2011	93960.7	14091.1
6/12/2011	92041.44	13803.28
7/12/2011	92605.24	13887.83
8/12/2011	91187.54	13675.22
9/12/2011	89480.82	13419.27
12/12/2011	91401.28	13707.27
13/12/2011	89448.99	13414.49
14/12/2011	89130.71	13366.76
15/12/2011	87154.6	13070.41
16/12/2011	87287.91	13090.4
19/12/2011	84043.65	12603.86
20/12/2011	84116.58	12614.8
21/12/2011	86034.52	12902.43
22/12/2011	85650.05	12844.77
23/12/2011	86702.63	13002.63
28/12/2011	86058.86	12906.08
29/12/2011	85443.83	12813.85
30/12/2011	84972.93	12743.23
3/01/2012	85515.8	12824.64
4/01/2012	87390.74	13105.82
5/01/2012	85870.59	12877.85
6/01/2012	85685.96	12850.16
9/01/2012	85533.77	12827.33
10/01/2012	87102.68	13062.62
11/01/2012	88346.51	13249.16
12/01/2012	88392.19	13256.01
13/01/2012	89072.45	13358.02
16/01/2012	88423.21	13260.66
17/01/2012	90837.39	13622.71
18/01/2012	91081.32	13659.29
19/01/2012	90728.31	13606.35
20/01/2012	91745.38	13758.88
23/01/2012	91733.56	13757.1
24/01/2012	92176.03	13823.46
25/01/2012	92628.77	13891.36
27/01/2012	92861.28	13926.23
30/01/2012	92842.19	13923.36
31/01/2012	92047.97	13804.26
1/02/2012	91040.14	13653.11
2/02/2012	91736.91	13757.61
3/02/2012	91665.88	13746.95
6/02/2012	91960.03	13791.07
7/02/2012	92173.13	13823.03
8/02/2012	93605.25	14037.8
9/02/2012	94245.23	14133.77
10/02/2012	93323.51	13995.55
13/02/2012	93807.44	14068.12
14/02/2012	92532.45	13876.91
15/02/2012	92552.54	13879.93
16/02/2012	91260.18	13686.11
17/02/2012	91797.93	13766.76
20/02/2012	93578.25	14033.75
21/02/2012	94712.51	14203.85
22/02/2012	96296.1	14441.34
23/02/2012	98057.55	14705.5
24/02/2012	97881.81	14653.35
27/02/2012	97116.05	14480.54
28/02/2012	96876.94	14394.61
29/02/2012	97523.6	14490.69
1/03/2012	96160.57	14286.66
2/03/2012	96174.63	14288.75
5/03/2012	95661.63	14197.24
6/03/2012	93748.53	13906.31
7/03/2012	92742.48	13757.07
8/03/2012	94356.05	13992.64
9/03/2012	96001.39	14236.64
12/03/2012	95469.33	14157.73
13/03/2012	95615.48	14179.41
14/03/2012	96178.65	14262.92
15/03/2012	95721.13	14195.07
16/03/2012	95275.72	14129.02
19/03/2012	95551.46	14169.91
20/03/2012	95791.99	14205.58
21/03/2012	95389.04	14145.83
22/03/2012	95394.97	14146.71
23/03/2012	95733.27	14196.87
26/03/2012	95652.57	14184.91
27/03/2012	96354.49	14289
28/03/2012	97067.01	14394.66
29/03/2012	96059.72	14245.29
30/03/2012	95345.69	14139.4
2/04/2012	95808.89	14208.09
3/04/2012	96092.68	14250.17
4/04/2012	95308.79	14133.93
5/04/2012	95434.39	14152.55
10/04/2012	94240.79	13975.55
11/04/2012	93033.41	13796.5
12/04/2012	93928.71	13929.27
13/04/2012	94708.88	14044.96
16/04/2012	94261.97	13978.69
17/04/2012	93643.31	13886.94
18/04/2012	94845.21	14065.18
19/04/2012	95353.8	14140.6
20/04/2012	96275.22	14277.24
23/04/2012	95542.22	14168.54
24/04/2012	95022.16	14091.42
26/04/2012	95169.84	14113.32
27/04/2012	94735.46	14048.9
30/04/2012	95172.25	14113.68
1/05/2012	96496.99	14310.13
2/05/2012	97148.71	14406.78
3/05/2012	96191.29	14264.8
4/05/2012	94025.78	13943.66
7/05/2012	90850.71	13472.81
8/05/2012	90996.44	13494.42
9/05/2012	89026.37	13202.27
10/05/2012	89826.97	13320.99
11/05/2012	89524.67	13276.16
14/05/2012	89196.91	13227.56
15/05/2012	87866.57	13030.27
16/05/2012	85271.56	12645.44
17/05/2012	85592.25	12693
18/05/2012	83310.27	12354.59
21/05/2012	83370.66	12363.55
22/05/2012	84892.17	12589.18
23/05/2012	83692.9	12411.33
24/05/2012	83661.54	12406.68
25/05/2012	83136.43	12328.81
28/05/2012	84499.96	12531.02
29/05/2012	86761.02	12866.32
30/05/2012	86080.69	12765.43
31/05/2012	85445.03	12671.17
1/06/2012	84266.7	12496.43
4/06/2012	81485.21	12083.94
5/06/2012	83690.51	12410.98
6/06/2012	84015.48	12459.17
7/06/2012	85129.07	12624.31
8/06/2012	84300.07	12501.38
12/06/2012	84320.67	12504.43
13/06/2012	84298.64	12501.16
14/06/2012	83411.06	12369.54
15/06/2012	83906.59	12443.02
18/06/2012	86028.87	12757.75
19/06/2012	84831.42	12580.17
20/06/2012	85445.45	12671.23
21/06/2012	83185.68	12336.12
22/06/2012	81332.62	12061.31
25/06/2012	80966.35	12007
26/06/2012	80194.57	11892.55
27/06/2012	80413.03	11924.94
28/06/2012	78993.53	11714.44
29/06/2012	80257.74	11901.91
2/07/2012	81861.72	12139.78
3/07/2012	81004.67	12012.68
4/07/2012	83048.11	12315.71
5/07/2012	82520.71	12237.5
6/07/2012	81855.27	12138.82
9/07/2012	80167.26	11888.5
10/07/2012	79529.88	11793.97
11/07/2012	78614.77	11658.27
12/07/2012	77937.34	11557.81
13/07/2012	77917.99	11554.94
16/07/2012	78886.82	11698.61
17/07/2012	79506.53	11790.51
18/07/2012	77964.82	11561.88
19/07/2012	81777.29	12127.26
20/07/2012	81540.27	12092.11
23/07/2012	79479.23	11786.46
24/07/2012	80092.49	11877.41
25/07/2012	79572.1	11800.24
26/07/2012	80215.14	11895.6
27/07/2012	81324.6	12060.12
30/07/2012	81315.96	12058.84
31/07/2012	82495.69	12233.79
1/08/2012	82184.93	12187.71
2/08/2012	83421.04	12371.02
3/08/2012	82429.8	12224.02
6/08/2012	83370.97	12363.59
7/08/2012	84119.4	12474.58
8/08/2012	84669.22	12556.12
9/08/2012	85412.99	12666.42
10/08/2012	85008.98	12606.5
13/08/2012	85356.87	12658.09
14/08/2012	85515.25	12681.58
15/08/2012	85170.06	12630.39
16/08/2012	86230.57	12787.66
17/08/2012	87277.84	12942.97
20/08/2012	87417.91	12963.74
21/08/2012	88611.63	13140.76
22/08/2012	87467.89	12945.59
23/08/2012	87012.85	12878.24
24/08/2012	86111.72	12744.87
27/08/2012	86171.92	12684.6
28/08/2012	86199.91	12640.2
29/08/2012	86238.18	12645.81
30/08/2012	84766	12429.93
31/08/2012	85461.49	12531.92
3/09/2012	85731.97	12549.5
4/09/2012	85490.81	12514.2
5/09/2012	84829.61	12413.31
6/09/2012	85994.92	12583.83
7/09/2012	86288.52	12622.95
10/09/2012	86604.4	12669.16
11/09/2012	86513.29	12652.65
12/09/2012	87225.76	12756.85
13/09/2012	86874.85	12705.53
14/09/2012	88413.33	12930.53
17/09/2012	88609.26	12959.19
18/09/2012	87909.97	12856.91
19/09/2012	88040.03	12875.94
20/09/2012	86243.82	12613.24
21/09/2012	86511.81	12652.43
24/09/2012	85671.89	12529.59
25/09/2012	85357.2	12483.57
26/09/2012	84408.24	12344.78
27/09/2012	84625.56	12376.57
28/09/2012	84910.42	12418.23
1/10/2012	84787.89	12400.31
2/10/2012	85876.82	12559.56
3/10/2012	86014.28	12579.67
4/10/2012	85953.33	12570.75
5/10/2012	86334.63	12626.52
8/10/2012	85849.81	12555.61
9/10/2012	86995.19	12723.13
10/10/2012	87373.88	12778.51
11/10/2012	87192.28	12751.95
12/10/2012	87211.74	12754.8
15/10/2012	86877.82	12705.96
16/10/2012	86693.07	12678.94
17/10/2012	87432.68	12787.11
18/10/2012	88106.82	12885.7
19/10/2012	89326	13064.01
22/10/2012	88734.63	12977.52
23/10/2012	88123.35	12888.12
24/10/2012	86685.4	12677.82
25/10/2012	86549.8	12657.99
26/10/2012	85474.98	12500.79
29/10/2012	85613.07	12520.99
30/10/2012	85567.97	12514.39
31/10/2012	85878.9	12559.87
1/11/2012	84720.31	12390.42
2/11/2012	84822.49	12405.37
5/11/2012	84822.97	12405.44
6/11/2012	84990.42	12429.93
7/11/2012	85578.71	12515.96
8/11/2012	84692.07	12386.29
9/11/2012	84041.5	12291.15
12/11/2012	83144.36	12159.94
13/11/2012	81732.34	11953.43
14/11/2012	81204.73	11876.27
15/11/2012	80435.03	11763.7
16/11/2012	80181.26	11726.58
19/11/2012	82041.31	11998.62
20/11/2012	82781.15	12106.82
21/11/2012	81918.03	11980.59
22/11/2012	82468.97	12061.16
23/11/2012	82167.72	12017.11
26/11/2012	82638.91	12086.02
27/11/2012	82943.95	12130.63
28/11/2012	82245.15	12028.43
29/11/2012	82839.57	12115.36
30/11/2012	83596.49	12226.06
3/12/2012	83984.38	12282.79
4/12/2012	83468.84	12207.39
5/12/2012	83773.94	12252.02
6/12/2012	82902.99	12124.64
7/12/2012	83377.02	12193.97
10/12/2012	83125.55	12157.19
11/12/2012	83450.78	12204.75
12/12/2012	84699.28	12387.35
13/12/2012	84896.42	12416.18
14/12/2012	84399.59	12343.52
17/12/2012	84029.07	12289.33
18/12/2012	84007.17	12286.13
19/12/2012	84986.26	12429.32
20/12/2012	84480.3	12355.32
21/12/2012	84299.02	12328.81
24/12/2012	84453.17	12351.35
27/12/2012	84964.81	12426.18
28/12/2012	85394.54	12489.03
31/12/2012	84826.62	12405.97
2/01/2013	85862.86	12557.52
3/01/2013	86850.2	12701.92
4/01/2013	86467.41	12645.94
7/01/2013	86369.83	12631.67
8/01/2013	86850.56	12701.97
9/01/2013	86436.34	12641.39
10/01/2013	86435.21	12641.23
11/01/2013	86304.71	12622.14
14/01/2013	86558.09	12659.2
15/01/2013	87119.19	12741.26
16/01/2013	87118.65	12741.18
17/01/2013	87532.67	12801.73
18/01/2013	87768.04	12836.16
21/01/2013	87595.56	12810.93
22/01/2013	87467.51	12792.2
23/01/2013	87824.17	12844.37
24/01/2013	88169.42	12894.86
25/01/2013	88510.39	12944.73
29/01/2013	89255.68	13053.72
30/01/2013	90167.13	13187.02
31/01/2013	89424.01	13078.34
1/02/2013	89365.61	13069.8
4/02/2013	89302.84	13060.62
5/02/2013	88311.46	12915.63
6/02/2013	89062.06	13025.41
7/02/2013	88956.5	13009.97
8/02/2013	89734.26	13123.72
11/02/2013	89703.55	13119.23
12/02/2013	89347.01	13067.08
13/02/2013	89660.9	13112.99
14/02/2013	90736.15	13270.25
15/02/2013	90923.51	13297.65
18/02/2013	91039.58	13314.62
19/02/2013	92001.68	13455.33
20/02/2013	93178.33	13627.42
21/02/2013	88933.96	13006.67
22/02/2013	89500.13	13089.48
25/02/2013	90866.01	13203.87
26/02/2013	90366.35	13083.15
27/02/2013	91309.32	13219.67
28/02/2013	93877.88	13591.54
1/03/2013	93527.12	13515.41
4/03/2013	92002.03	13293.4
5/03/2013	92338.17	13336.46
6/03/2013	93647.37	13525.55
7/03/2013	93793.44	13542.86
8/03/2013	94275.24	13612.43
11/03/2013	94901.19	13702.81
12/03/2013	93269.31	13467.18
13/03/2013	93389.85	13484.59
14/03/2013	92226.87	13316.67
15/03/2013	94257.19	13609.82
18/03/2013	92552.52	13363.69
19/03/2013	92278.77	13324.16
20/03/2013	91396.05	13196.7
21/03/2013	92114.92	13300.5
22/03/2013	91925.09	13273.09
25/03/2013	92246.76	13319.54
26/03/2013	91830.39	13259.42
27/03/2013	92267.37	13322.51
28/03/2013	90701.94	13096.48
2/04/2013	90712.93	13098.07
3/04/2013	89790.93	12964.94
4/04/2013	88577.87	12789.79
5/04/2013	87478.71	12631.08
8/04/2013	87959.84	12700.55
9/04/2013	89175.54	12876.08
10/04/2013	89046.33	12857.43
11/04/2013	89774.18	12962.52
12/04/2013	90476.65	13063.95
15/04/2013	88792.9	12820.83
16/04/2013	87269.48	12600.87
17/04/2013	87007.82	12563.09
18/04/2013	83100.51	11998.91
19/04/2013	84621.12	12218.47
22/04/2013	85659.17	12368.35
23/04/2013	89197.43	12879.24
24/04/2013	90459.61	13061.49
26/04/2013	90081.71	13006.92
29/04/2013	90035.16	13000.2
30/04/2013	89656.86	12945.58
1/05/2013	89075.19	12861.59
2/05/2013	87933.33	12696.72
3/05/2013	88145.58	12727.37
6/05/2013	89557.48	12931.23
7/05/2013	90580.87	13079
8/05/2013	91109.24	13155.29
9/05/2013	91533.26	13216.52
10/05/2013	92407.12	13342.69
13/05/2013	92250.33	13320.05
14/05/2013	92129.49	13302.61
15/05/2013	91917.71	13272.03
16/05/2013	91591.47	13224.92
17/05/2013	92624.06	13374.02
20/05/2013	93013.21	13430.21
21/05/2013	92586.57	13368.6
22/05/2013	92999.38	13428.21
23/05/2013	92262.16	13321.76
24/05/2013	90993.66	13138.6
27/05/2013	90944.11	13131.45
28/05/2013	90940.45	13130.92
29/05/2013	91621.1	13229.2
30/05/2013	91818.97	13257.77
31/05/2013	91922.61	13272.73
3/06/2013	90585.44	13079.66
4/06/2013	90953.7	13132.83
5/06/2013	89993.71	12994.22
6/06/2013	88554.17	12786.36
7/06/2013	88106.88	12721.78
11/06/2013	89254.75	12887.52
12/06/2013	88388.51	12762.44
13/06/2013	86669.9	12514.29
14/06/2013	88303.51	12750.17
17/06/2013	88315.42	12751.89
18/06/2013	87756.37	12671.17
19/06/2013	89186.41	12877.65
20/06/2013	87786.91	12675.58
21/06/2013	88616.46	12795.36
24/06/2013	85968.31	12412.99
25/06/2013	84450.28	12193.8
26/06/2013	85284.7	12314.28
27/06/2013	86588.63	12502.56
28/06/2013	86620.3	12507.13
1/07/2013	85198.66	12301.86
2/07/2013	88148.79	12727.83
3/07/2013	86644.42	12510.61
4/07/2013	88979.03	12847.71
5/07/2013	89677.94	12948.63
8/07/2013	90275.15	13034.86
9/07/2013	91074.34	13150.25
10/07/2013	91859.28	13263.59
11/07/2013	93195.22	13456.49
12/07/2013	92973.15	13424.42
15/07/2013	93270.6	13467.37
16/07/2013	92895.12	13413.15
17/07/2013	92963.63	13423.05
18/07/2013	93561.59	13509.39
19/07/2013	93587.44	13513.12
22/07/2013	94594.61	13658.54
23/07/2013	93731.11	13533.86
24/07/2013	93147.4	13449.58
25/07/2013	92157.97	13306.72
26/07/2013	92428.67	13345.8
29/07/2013	91369.65	13192.89
30/07/2013	91110.65	13155.5
31/07/2013	91778.38	13251.91
1/08/2013	92829.28	13403.65
2/08/2013	93756.37	13537.51
5/08/2013	93758.11	13537.76
6/08/2013	92903.73	13414.4
7/08/2013	91263.42	13177.55
8/08/2013	91350.76	13190.16
9/08/2013	91188.91	13166.79
12/08/2013	91908.55	13270.7
13/08/2013	92830.85	13403.87
14/08/2013	92722.28	13388.2
15/08/2013	92460.98	13350.47
16/08/2013	93249.8	13464.37
19/08/2013	94009.57	13574.07
20/08/2013	93856.16	13551.92
21/08/2013	93767.45	13539.11
22/08/2013	94052.46	13554.87
23/08/2013	95501.09	13763.64
26/08/2013	95813.65	13689.43
27/08/2013	95538.7	13602.13
28/08/2013	94961.68	13519.98
29/08/2013	95931.45	13658.04
30/08/2013	96719.81	13770.29
2/09/2013	98531.22	14028.18
3/09/2013	99201.23	14119.3
4/09/2013	99053.68	14094.27
5/09/2013	98627.16	14033.58
6/09/2013	98606.8	14026.46
9/09/2013	99243.87	14117.08
10/09/2013	99245.9	14117.37
11/09/2013	98849.01	14060.91
12/09/2013	99093.22	14095.65
13/09/2013	98456.28	14005.05
16/09/2013	99277.69	14121.89
17/09/2013	98910.95	14069.72
18/09/2013	98159.84	13962.88
19/09/2013	99188.95	14109.27
20/09/2013	99583.94	14165.45
23/09/2013	98510.64	14012.78
24/09/2013	98777.21	14050.7
25/09/2013	99950.74	14217.63
26/09/2013	100245.9	14259.62
27/09/2013	101032.33	14371.48
30/09/2013	98710.92	14041.27
1/10/2013	98169.89	13964.31
2/10/2013	98474.21	14007.6
3/10/2013	98038.17	13945.57
4/10/2013	97735.01	13902.45
7/10/2013	97006.19	13798.78
8/10/2013	96281.79	13695.74
9/10/2013	96327.05	13702.17
10/10/2013	96288.99	13696.76
11/10/2013	97248.57	13833.26
14/10/2013	96731.43	13759.7
15/10/2013	98534.15	14016.12
16/10/2013	98187.85	13966.87
17/10/2013	98091.08	13953.1
18/10/2013	98263.66	13977.65
21/10/2013	98560.49	14019.87
22/10/2013	98225.83	13972.27
23/10/2013	97695	13896.76
24/10/2013	97424.49	13858.28
25/10/2013	98212.72	13970.4
28/10/2013	99070.92	14092.48
29/10/2013	97674.23	13893.81
30/10/2013	98579.77	14022.61
31/10/2013	98941.93	14074.13
1/11/2013	98888.86	14066.58
4/11/2013	98121.37	13957.41
5/11/2013	99412.06	14141.01
6/11/2013	98749.25	14046.72
7/11/2013	98752.35	14047.16
8/11/2013	98128.54	13958.43
11/11/2013	97861.19	13920.4
12/11/2013	98534.51	14016.18
13/11/2013	96833.83	13774.26
14/11/2013	96751.39	13762.53
15/11/2013	97547.86	13875.83
18/11/2013	96952.97	13791.21
19/11/2013	96258.1	13692.37
20/11/2013	93676.61	13325.16
21/11/2013	93813.23	13344.59
22/11/2013	95062.22	13522.26
25/11/2013	94938.92	13504.72
26/11/2013	95318.39	13558.7
27/11/2013	94293.44	13412.9
28/11/2013	93934.69	13361.87
29/11/2013	92710.83	13187.78
2/12/2013	92711.84	13187.92
3/12/2013	93021.1	13231.91
4/12/2013	93991.71	13369.98
5/12/2013	92898.34	13214.45
6/12/2013	93457.96	13294.06
9/12/2013	92688.83	13184.65
10/12/2013	92391.26	13142.32
11/12/2013	91736.78	13049.22
12/12/2013	90393.56	12858.16
13/12/2013	91565.91	13024.92
16/12/2013	90995.9	12943.84
17/12/2013	90840.76	12921.77
18/12/2013	90549.58	12880.35
19/12/2013	92788.94	13198.89
20/12/2013	94259.57	13408.08
23/12/2013	94923.27	13502.49
24/12/2013	95826.99	13631.04
27/12/2013	95571.33	13594.67
30/12/2013	96107.54	13670.95
31/12/2013	95769.95	13622.93
2/01/2014	95673.5	13609.21
3/01/2014	94887.56	13497.41
6/01/2014	93997.78	13370.84
7/01/2014	93830.9	13347.1
8/01/2014	94231.31	13404.06
9/01/2014	94722.47	13473.93
10/01/2014	94244.77	13405.98
13/01/2014	93669.45	13324.14
14/01/2014	92438.75	13149.08
15/01/2014	92956.59	13222.74
16/01/2014	94876.59	13495.85
17/01/2014	95444.59	13576.65
20/01/2014	95563.17	13593.51
21/01/2014	95395.45	13569.66
22/01/2014	94976.01	13509.99
23/01/2014	93969.86	13366.87
24/01/2014	93750.61	13335.68
28/01/2014	93072.62	13239.24
29/01/2014	93295.93	13271.01
30/01/2014	92233	13119.81
31/01/2014	92227.31	13119
3/02/2014	92942.13	13220.68
4/02/2014	91705.17	13044.73
5/02/2014	91514.21	13017.56
6/02/2014	92389.71	13142.1
7/02/2014	94355.43	13421.72
10/02/2014	94800.43	13485.02
11/02/2014	94803.9	13485.51
12/02/2014	95583.57	13596.42
13/02/2014	95785.89	13625.2
14/02/2014	96233.19	13688.82
17/02/2014	96979.14	13794.93
18/02/2014	96548.13	13733.62
19/02/2014	96835.01	13774.43
20/02/2014	96628.37	13745.04
21/02/2014	96351.21	13705.61
24/02/2014	96803.58	13644.59
25/02/2014	96404.5	13540.1
26/02/2014	97780.23	13733.32
27/02/2014	97836.62	13715.9
28/02/2014	97668.24	13692.29
3/03/2014	99128.73	13881.66
4/03/2014	98589.54	13802.11
5/03/2014	99536.14	13934.63
6/03/2014	99276.98	13893.99
7/03/2014	100520.74	14068.06
10/03/2014	99848.61	13973.99
11/03/2014	99263.39	13892.09
12/03/2014	98044.63	13721.52
13/03/2014	97912.78	13703.07
14/03/2014	96907.54	13562.38
17/03/2014	96514.39	13507.36
18/03/2014	96724.8	13536.81
19/03/2014	96760.64	13541.83
20/03/2014	95689.61	13391.93
21/03/2014	97131.62	13593.74
24/03/2014	97014.58	13577.36
25/03/2014	96319.07	13480.03
26/03/2014	96312.38	13479.09
27/03/2014	96468.71	13500.97
28/03/2014	96565.13	13514.46
31/03/2014	97434.54	13636.14
1/04/2014	96519.15	13508.03
2/04/2014	96669.15	13529.02
3/04/2014	96672.49	13529.49
4/04/2014	97061.01	13583.86
7/04/2014	97212.78	13605.1
8/04/2014	97401.14	13631.46
9/04/2014	98754.03	13820.8
10/04/2014	98598.08	13798.98
11/04/2014	98102	13729.55
14/04/2014	97084.43	13587.14
15/04/2014	97416.21	13633.57
16/04/2014	98582.38	13796.78
17/04/2014	99187.1	13881.41
22/04/2014	100389.95	14049.75
23/04/2014	101202.55	14163.48
24/04/2014	101150.51	14156.2
28/04/2014	101142.69	14155.1
29/04/2014	100511.08	14066.71
30/04/2014	100853.85	14114.68
1/05/2014	100458.86	14059.4
2/05/2014	100119.44	14011.89
5/05/2014	101161.33	14157.71
6/05/2014	101474.87	14201.59
7/05/2014	101379.54	14188.25
8/05/2014	102287.64	14315.34
9/05/2014	102222.88	14306.28
12/05/2014	101715.49	14235.26
13/05/2014	102573.46	14355.34
14/05/2014	102838.08	14392.37
15/05/2014	103351.5	14464.23
16/05/2014	103041.41	14420.83
19/05/2014	101214.34	14165.13
20/05/2014	100862.14	14115.84
21/05/2014	101324.42	14180.53
22/05/2014	102671.08	14369
23/05/2014	102807.35	14388.07
26/05/2014	103539.75	14490.57
27/05/2014	103743.46	14519.08
28/05/2014	104061.72	14563.62
29/05/2014	104221.04	14585.92
30/05/2014	103832.65	14531.57
2/06/2014	103562.26	14493.72
3/06/2014	102885.76	14399.05
4/06/2014	102380.04	14328.27
5/06/2014	102442.99	14337.08
6/06/2014	103555.88	14492.83
10/06/2014	103716.3	14515.28
11/06/2014	103236.77	14448.17
12/06/2014	102942.28	14406.96
13/06/2014	104234.99	14587.87
16/06/2014	104495.67	14624.36
17/06/2014	104135.88	14574
18/06/2014	102185.22	14301.01
19/06/2014	104023.07	14558.22
20/06/2014	103043.07	14421.06
23/06/2014	103297.07	14456.61
24/06/2014	103096.56	14428.55
25/06/2014	102188.99	14301.53
26/06/2014	102871.43	14397.04
27/06/2014	103158.4	14437.2
30/06/2014	102498.52	14344.85
1/07/2014	102517.39	14347.49
2/07/2014	103178.76	14440.05
3/07/2014	103402.68	14471.39
4/07/2014	104001.92	14555.26
7/07/2014	103843.83	14533.13
8/07/2014	103433.86	14475.75
9/07/2014	101963.6	14269.99
10/07/2014	102282.13	14314.57
11/07/2014	102353.64	14324.58
14/07/2014	102560.83	14353.57
15/07/2014	102763.5	14381.94
16/07/2014	103134.9	14433.91
17/07/2014	103166.49	14438.33
18/07/2014	103377.67	14467.89
21/07/2014	103782.77	14524.58
22/07/2014	103672.08	14509.09
23/07/2014	104283.04	14594.6
24/07/2014	104538.39	14630.34
25/07/2014	104464.64	14620.01
28/07/2014	104456.65	14618.89
29/07/2014	104273.36	14593.24
30/07/2014	104769.05	14662.62
31/07/2014	104727.16	14656.75
1/08/2014	103388.45	14469.4
4/08/2014	102761.55	14381.66
5/08/2014	103011.57	14416.65
6/08/2014	102290.64	14315.76
7/08/2014	102125.4	14292.63
8/08/2014	101360.45	14185.58
11/08/2014	101703.04	14233.52
12/08/2014	102909.75	14402.4
13/08/2014	102861.76	14395.69
14/08/2014	103535.37	14489.96
15/08/2014	103700.16	14513.02
18/08/2014	104259.81	14591.35
19/08/2014	104939.02	14686.4
20/08/2014	105530.02	14769.12
21/08/2014	106702.8	14933.25
22/08/2014	107388.38	15029.2
25/08/2014	108491.8	15183.62
26/08/2014	108361.44	15118.59
27/08/2014	109348.38	15079.8
28/08/2014	108139.3	14913.06
29/08/2014	108796.63	15003.71
1/09/2014	109337.35	15078.28
2/09/2014	111140.88	15327
3/09/2014	110341.02	15193.38
4/09/2014	110098.59	15160
5/09/2014	109707.83	15101.6
8/09/2014	108753.76	14970.27
9/09/2014	108762.71	14967.21
10/09/2014	108129.21	14880.04
11/09/2014	107396.65	14779.23
12/09/2014	106995.31	14724
15/09/2014	105755.26	14553.35
16/09/2014	105498.79	14518.05
17/09/2014	105096.46	14462.69
18/09/2014	105972.47	14583.24
19/09/2014	105906.73	14574.19
22/09/2014	105073.19	14459.49
23/09/2014	105365.13	14499.66
24/09/2014	104834.09	14426.58
25/09/2014	104427.26	14370.6
26/09/2014	102748.88	14139.63
29/09/2014	102134.49	14055.08
30/09/2014	102546.96	14111.84
1/10/2014	102539.25	14110.78
2/10/2014	101589.58	13980.09
3/10/2014	101586.22	13979.63
6/10/2014	101489.67	13966.35
7/10/2014	100805.12	13872.14
8/10/2014	99587.26	13704.55
9/10/2014	99926.99	13751.3
10/10/2014	96897.63	13334.42
13/10/2014	96342.55	13258.03
14/10/2014	97128.98	13366.26
15/10/2014	96121.98	13227.68
16/10/2014	97417.4	13405.95
17/10/2014	97568.9	13426.8
20/10/2014	97895.32	13471.72
21/10/2014	97602.9	13431.47
22/10/2014	98688.91	13580.92
23/10/2014	97862.99	13467.27
24/10/2014	98343.63	13533.41
27/10/2014	99182.29	13648.82
28/10/2014	97629.5	13435.13
29/10/2014	98087.19	13498.12
30/10/2014	98351.3	13534.46
31/10/2014	98810.09	13597.6
3/11/2014	98910.7	13611.44
4/11/2014	99006.44	13624.62
5/11/2014	97252.61	13383.27
6/11/2014	97628.26	13434.96
7/11/2014	99375.61	13675.42
10/11/2014	99894.76	13746.87
11/11/2014	98131.43	13504.21
12/11/2014	97380.33	13400.85
13/11/2014	96126.42	13228.29
14/11/2014	94594.12	13017.43
17/11/2014	93814.66	12910.16
18/11/2014	93359.94	12847.58
19/11/2014	92246.72	12694.39
20/11/2014	92026.34	12664.06
21/11/2014	93743.15	12900.32
24/11/2014	96041.45	13216.6
25/11/2014	94825	13049.2
26/11/2014	95539.32	13147.5
27/11/2014	92878.16	12781.29
28/11/2014	85785.88	11805.29
1/12/2014	80289.09	11048.86
2/12/2014	81786.53	11254.93
3/12/2014	82748.32	11387.28
4/12/2014	82925.19	11411.62
5/12/2014	81186.99	11172.42
8/12/2014	81181.57	11171.68
9/12/2014	77279.06	10634.64
10/12/2014	77407.18	10652.27
11/12/2014	75281.71	10359.78
12/12/2014	76469.05	10523.17
15/12/2014	77588.42	10677.21
16/12/2014	75975.19	10455.21
17/12/2014	78275.51	10771.77
18/12/2014	80839.83	11124.65
19/12/2014	82736.03	11385.59
22/12/2014	86130.39	11852.7
23/12/2014	84400.11	11614.59
24/12/2014	84841.77	11675.37
29/12/2014	85615.65	11781.87
30/12/2014	84002.72	11559.91
31/12/2014	84304.32	11601.41
2/01/2015	84472.99	11624.62
5/01/2015	85375.5	11748.82
6/01/2015	80735.02	11110.23
7/01/2015	79495.92	10939.71
8/01/2015	78972.92	10867.74
9/01/2015	81539.12	11220.88
12/01/2015	79507.1	10941.25
13/01/2015	78151.61	10754.71
14/01/2015	78279.86	10772.36
15/01/2015	77853.73	10713.72
16/01/2015	76503.25	10527.88
19/01/2015	77326.5	10641.17
20/01/2015	74854.26	10300.95
21/01/2015	75190.3	10347.2
22/01/2015	76755.34	10562.57
23/01/2015	79234.95	10903.8
27/01/2015	78436.46	10793.91
28/01/2015	79173.5	10895.34
29/01/2015	77886.84	10718.28
30/01/2015	78857.75	10851.89
2/02/2015	80259.83	11044.83
3/02/2015	83546.67	11497.15
4/02/2015	84851.84	11676.76
5/02/2015	83177.51	11446.35
6/02/2015	83756.5	11526.02
9/02/2015	83961.6	11554.25
10/02/2015	83306.08	11464.04
11/02/2015	81358.81	11196.07
12/02/2015	81065.45	11155.7
13/02/2015	84251.05	11594.08
16/02/2015	85021.82	11700.15
17/02/2015	84924.69	11686.78
18/02/2015	87551.85	12048.31
19/02/2015	86977.58	11969.29
20/02/2015	85598.13	11779.46
23/02/2015	85929.84	11825.1
24/02/2015	85789.46	11759.96
25/02/2015	85844.35	11527.67
26/02/2015	85875.53	11531.86
27/02/2015	86073.27	11558.41
2/03/2015	86782.62	11641.28
3/03/2015	86350.12	11583.26
4/03/2015	86422.02	11591.05
5/03/2015	86356.26	11571
6/03/2015	85893.15	11488.97
9/03/2015	84534.02	11307.18
10/03/2015	83837.47	11214.01
11/03/2015	83070.66	11111.44
12/03/2015	83880.55	11219.77
13/03/2015	83407.13	11156.44
16/03/2015	81787.17	10939.76
17/03/2015	82999.87	11101.97
18/03/2015	82626.72	11052.06
19/03/2015	83551.34	11175.73
20/03/2015	84062.02	11244.04
23/03/2015	84153.27	11256.25
24/03/2015	84360.54	11283.97
25/03/2015	83809.91	11210.32
26/03/2015	84257.94	11270.25
27/03/2015	84041.86	11241.35
30/03/2015	80187.08	10725.73
31/03/2015	81206.76	10862.13
1/04/2015	79831.44	10678.17
2/04/2015	80486.99	10765.85
7/04/2015	81428.98	10891.85
8/04/2015	83476.36	11165.71
9/04/2015	82721.24	11064.7
10/04/2015	84159.58	11257.09
13/04/2015	84601.15	11316.16
14/04/2015	85216.91	11398.52
15/04/2015	86061.1	11511.44
16/04/2015	87355.33	11684.55
17/04/2015	87439.25	11695.78
20/04/2015	86809.21	11611.5
21/04/2015	86509.57	11571.42
22/04/2015	85674.16	11459.68
23/04/2015	86597.01	11583.12
24/04/2015	88935.44	11895.91
27/04/2015	90391.46	12090.66
28/04/2015	89546.9	11977.69
29/04/2015	88371.25	11820.44
30/04/2015	88124.93	11787.49
1/05/2015	89153.66	11925.09
4/05/2015	89724.63	12001.47
5/05/2015	89283.03	11942.4
6/05/2015	89111.26	11919.42
7/05/2015	87868.26	11753.16
8/05/2015	85110.89	11384.34
11/05/2015	86380.23	11554.12
12/05/2015	86578.31	11580.62
13/05/2015	87230.31	11667.83
14/05/2015	87125.56	11653.82
15/05/2015	86522.07	11573.1
18/05/2015	85666.11	11458.6
19/05/2015	84786.75	11340.98
20/05/2015	83661.89	11190.52
21/05/2015	85162.94	11391.3
22/05/2015	86750.31	11603.63
25/05/2015	87773.97	11740.55
26/05/2015	88397.48	11823.95
27/05/2015	87396.19	11690.02
28/05/2015	87223.14	11666.87
29/05/2015	88334.8	11815.57
1/06/2015	88397.21	11823.91
2/06/2015	86724.46	11600.17
3/06/2015	85578.39	11446.87
4/06/2015	84116.74	11251.36
5/06/2015	84011.45	11237.28
9/06/2015	84132.94	11253.53
10/06/2015	85355.56	11417.07
11/06/2015	87113.83	11652.25
12/06/2015	87126.19	11653.9
15/06/2015	85071.03	11379.01
16/06/2015	83986	11233.87
17/06/2015	85310.14	11410.99
18/06/2015	85032.35	11373.83
19/06/2015	86268.9	11539.23
22/06/2015	86047.78	11509.66
23/06/2015	86664.12	11592.1
24/06/2015	86908.85	11624.83
25/06/2015	85584.39	11447.67
26/06/2015	82865.09	11083.94
29/06/2015	80932.38	10825.43
30/06/2015	81831.93	10945.75
1/07/2015	82883.12	11086.35
2/07/2015	84598.66	11315.82
3/07/2015	82584.97	11046.47
6/07/2015	80504.35	10768.17
7/07/2015	81597.26	10914.36
8/07/2015	79534.36	10638.43
9/07/2015	79426.29	10623.97
10/07/2015	80091.79	10712.99
13/07/2015	79059.95	10574.97
14/07/2015	80316.27	10743.02
15/07/2015	82326.22	11011.86
16/07/2015	81607.27	10915.7
17/07/2015	82129.42	10985.54
20/07/2015	81413.51	10889.78
21/07/2015	81677.29	10925.06
22/07/2015	79817.83	10676.34
23/07/2015	79129.1	10584.22
24/07/2015	79276.89	10603.99
27/07/2015	79402.28	10620.76
28/07/2015	80068.3	10709.85
29/07/2015	80405.07	10754.89
30/07/2015	82210.79	10996.42
31/07/2015	82038.52	10973.38
3/08/2015	80806.11	10808.54
4/08/2015	79698.32	10660.36
5/08/2015	78458.28	10494.49
6/08/2015	77366	10348.39
7/08/2015	76287.05	10204.07
10/08/2015	76425.68	10222.61
11/08/2015	77218.79	10328.7
12/08/2015	74720.56	9994.54
13/08/2015	75857.86	10146.66
14/08/2015	73055.31	9771.8
17/08/2015	72365.9	9679.58
18/08/2015	71090.77	9509.02
19/08/2015	73188.81	9789.65
20/08/2015	68957.13	9223.63
21/08/2015	68555.25	9169.87
24/08/2015	64339.66	8606
25/08/2015	65069.31	8660.52
26/08/2015	67839.78	8903.92
27/08/2015	68911.04	9044.52
28/08/2015	71442.71	9376.8
31/08/2015	70680.18	9269.24
1/09/2015	69047.11	9055.07
2/09/2015	67748.28	8883.87
3/09/2015	66814.87	8761.48
4/09/2015	66572.94	8694.42
7/09/2015	65705.47	8581.13
8/09/2015	67388.81	8800.98
9/09/2015	68462.88	8941.25
10/09/2015	65889.14	8605.12
11/09/2015	64858.06	8470.46
14/09/2015	64633.08	8441.08
15/09/2015	63982.21	8356.07
16/09/2015	65661.55	8575.4
17/09/2015	67400.16	8802.46
18/09/2015	66353.21	8665.73
21/09/2015	64769.04	8458.84
22/09/2015	66519.95	8687.5
23/09/2015	65072.34	8498.45
24/09/2015	65856.06	8600.8
25/09/2015	64536.38	8428.45
28/09/2015	65980.33	8617.03
29/09/2015	61576.03	8041.83
30/09/2015	62087.44	8108.62
1/10/2015	63656.11	8313.49
2/10/2015	63249.67	8260.41
5/10/2015	65073.98	8498.66
6/10/2015	65589.4	8565.97
7/10/2015	70003.93	9142.51
8/10/2015	70876.22	9256.43
9/10/2015	72477.18	9465.52
12/10/2015	70810.98	9247.91
13/10/2015	68856.52	8992.66
14/10/2015	66613.83	8699.76
15/10/2015	67730.45	8845.6
16/10/2015	68351.17	8926.66
19/10/2015	68686.19	8970.41
20/10/2015	66451.12	8678.52
21/10/2015	67234.76	8780.86
22/10/2015	69320.25	9053.22
23/10/2015	69956.71	9136.34
26/10/2015	69817.37	9118.15
27/10/2015	68212.61	8908.57
28/10/2015	67346.49	8795.45
29/10/2015	66490.39	8683.64
30/10/2015	67068.55	8759.15
2/11/2015	66741.43	8716.43
3/11/2015	68462.77	8941.24
4/11/2015	68496.2	8945.6
5/11/2015	68474.92	8942.82
6/11/2015	67661.25	8836.56
9/11/2015	65957.87	8614.1
10/11/2015	66000.34	8619.64
11/11/2015	66294.98	8658.12
12/11/2015	64161.21	8379.45
13/11/2015	61949.36	8090.59
16/11/2015	62941.78	8220.2
17/11/2015	65281.97	8525.82
18/11/2015	65514.37	8556.18
19/11/2015	66776.23	8720.97
20/11/2015	66038.83	8624.67
23/11/2015	65753.38	8587.39
24/11/2015	65474.02	8550.91
25/11/2015	66084.14	8630.59
26/11/2015	65774.47	8590.14
27/11/2015	66490.18	8683.62
30/11/2015	66298.64	8658.6
1/12/2015	67286.6	8787.63
2/12/2015	67025.99	8753.59
3/12/2015	65543.18	8559.94
4/12/2015	65089.66	8500.71
7/12/2015	62128.11	8113.93
8/12/2015	58181.46	7598.5
9/12/2015	58386.21	7625.24
10/12/2015	58127.63	7591.47
11/12/2015	57790.39	7547.42
14/12/2015	55899.46	7300.47
15/12/2015	55572.02	7257.7
16/12/2015	57470.47	7505.64
17/12/2015	57581.19	7520.1
18/12/2015	57287.11	7481.69
21/12/2015	57880.79	7559.23
22/12/2015	58301.86	7614.22
23/12/2015	59174.23	7728.15
24/12/2015	60979.02	7963.86
29/12/2015	61021.1	7969.35
30/12/2015	61867.93	8079.95
31/12/2015	61331.39	8009.88
4/01/2016	63204.85	8254.55
5/01/2016	61689.82	8056.69
6/01/2016	60598.5	7914.16
7/01/2016	57392.06	7495.4
8/01/2016	58997.25	7705.04
11/01/2016	57932.91	7566.04
12/01/2016	55901.93	7300.79
13/01/2016	57123.18	7460.29
14/01/2016	55580.25	7258.78
15/01/2016	55791.44	7286.36
18/01/2016	53890.3	7038.07
19/01/2016	53380.09	6971.44
20/01/2016	51319.74	6702.36
21/01/2016	51596.92	6738.56
22/01/2016	53573.86	6996.75
25/01/2016	55446.44	7241.3
27/01/2016	54197.37	7078.17
28/01/2016	54628.59	7134.49
29/01/2016	57514.63	7511.41
1/02/2016	57798.74	7548.51
2/02/2016	55923.24	7303.57
3/02/2016	53746.06	7019.24
4/02/2016	57084.23	7455.2
5/02/2016	57541.55	7514.92
8/02/2016	57557.1	7516.96
9/02/2016	55800.47	7287.54
10/02/2016	55061.11	7190.98
11/02/2016	55137.61	7200.97
12/02/2016	55147.29	7202.24
15/02/2016	56845.29	7423.99
16/02/2016	59598.6	7783.58
17/02/2016	57126	7460.65
18/02/2016	60156.39	7856.42
19/02/2016	58491.19	7638.95
22/02/2016	59310.87	7684.55
23/02/2016	59225.53	7648.28
24/02/2016	57269.92	7384.9
25/02/2016	57879.41	7463.49
26/02/2016	57340.15	7393.95
29/02/2016	57525	7417.79
1/03/2016	58565.99	7552.02
2/03/2016	60807.97	7841.13
3/03/2016	61506.64	7931.22
4/03/2016	61777.89	7966.2
7/03/2016	63137.87	8141.57
8/03/2016	62505.57	8050.92
9/03/2016	61033.07	7833.92
10/03/2016	61381.99	7878.71
11/03/2016	61186.51	7853.62
14/03/2016	62014.61	7959.91
15/03/2016	59815.04	7677.58
16/03/2016	60078.39	7711.38
17/03/2016	61730.33	7923.42
18/03/2016	62204.6	7984.29
21/03/2016	61566.8	7902.43
22/03/2016	61866.83	7940.94
23/03/2016	61199.12	7855.24
24/03/2016	61377.16	7878.09
29/03/2016	61074.53	7839.24
30/03/2016	60135.82	7718.76
31/03/2016	60837.4	7808.81
1/04/2016	59555.63	7644.28
4/04/2016	57820.33	7421.55
5/04/2016	55886.33	7173.31
6/04/2016	57667.77	7401.97
7/04/2016	58474.11	7505.47
8/04/2016	58018.88	7447.04
11/04/2016	58949.18	7566.44
12/04/2016	58857.16	7554.63
13/04/2016	60367.8	7748.53
14/04/2016	60523.07	7768.46
15/04/2016	60442.44	7758.11
18/04/2016	58711.09	7535.88
19/04/2016	60914.95	7818.76
20/04/2016	61604.54	7907.27
21/04/2016	65141.05	8361.2
22/04/2016	64451.1	8272.64
26/04/2016	63791.92	8188.04
27/04/2016	63422.79	8140.66
28/04/2016	64541.86	8284.29
29/04/2016	65491.47	8406.18
2/05/2016	65696.46	8432.49
3/05/2016	65220.52	8371.4
4/05/2016	61886.02	7943.4
5/05/2016	62578.79	8032.32
6/05/2016	61767.39	7928.18
9/05/2016	62494.89	8021.56
10/05/2016	61044.23	7835.35
11/05/2016	61203.42	7855.79
12/05/2016	63037.47	8091.2
13/05/2016	62715.87	8049.92
16/05/2016	62408.08	8010.41
17/05/2016	64352.7	8260.01
18/05/2016	64506.72	8279.78
19/05/2016	63219.74	8114.59
20/05/2016	63808.98	8190.23
23/05/2016	62555.25	8029.3
24/05/2016	61753.12	7926.34
25/05/2016	63409.41	8138.94
26/05/2016	64651.85	8298.41
27/05/2016	64780.34	8314.91
30/05/2016	65228.99	8372.49
31/05/2016	64283.43	8251.12
1/06/2016	63145.23	8105.03
2/06/2016	62848.85	8066.99
3/06/2016	63572.2	8159.83
6/06/2016	63919.14	8204.37
7/06/2016	65005.07	8343.75
8/06/2016	66353.82	8516.87
9/06/2016	66551.03	8542.18
10/06/2016	65675.38	8429.79
14/06/2016	63098.06	8098.98
15/06/2016	62680.49	8045.38
16/06/2016	62069.71	7966.98
17/06/2016	61924.81	7948.38
20/06/2016	65263.52	8376.92
21/06/2016	64361.94	8261.2
22/06/2016	64557.76	8286.34
23/06/2016	65010.71	8344.47
24/06/2016	62486	8020.41
27/06/2016	62478.13	8019.4
28/06/2016	61598.87	7906.55
29/06/2016	62554.35	8029.19
30/06/2016	64051.76	8221.39
1/07/2016	64142.31	8233.01
4/07/2016	65025.98	8346.43
5/07/2016	64457.38	8273.45
6/07/2016	63306.94	8125.79
7/07/2016	64312.62	8254.87
8/07/2016	64520.26	8281.52
11/07/2016	64887.04	8328.6
12/07/2016	64544.24	8284.6
13/07/2016	65487.05	8405.62
14/07/2016	65085.32	8354.05
15/07/2016	65341.17	8386.89
18/07/2016	66120.74	8486.95
19/07/2016	66640.04	8553.61
20/07/2016	66684.13	8559.27
21/07/2016	67193.48	8624.64
22/07/2016	67012.79	8601.45
25/07/2016	66575.96	8545.38
26/07/2016	65610.95	8421.52
27/07/2016	65637.22	8424.89
28/07/2016	64993.58	8342.28
29/07/2016	64148.99	8233.87
1/08/2016	65870.82	8454.87
2/08/2016	63753.59	8183.12
3/08/2016	63381.53	8135.36
4/08/2016	64646.58	8297.74
5/08/2016	65414.05	8396.24
8/08/2016	66411	8524.21
9/08/2016	66978.97	8597.11
10/08/2016	66305.76	8510.7
11/08/2016	65759.7	8440.61
12/08/2016	66852.04	8580.82
15/08/2016	66797.04	8573.76
16/08/2016	67522.37	8666.86
17/08/2016	68812.13	8832.41
18/08/2016	69207.99	8883.22
19/08/2016	68816.51	8832.97
22/08/2016	68041.76	8733.53
23/08/2016	67766.66	8698.21
24/08/2016	67967	8723.93
25/08/2016	67619.22	8679.29
26/08/2016	67013.91	8601.59
29/08/2016	66318.76	8464.49
30/08/2016	66704.09	8513.67
31/08/2016	66003.7	8424.27
1/09/2016	64918.28	8285.74
2/09/2016	65038.11	8301.03
5/09/2016	65731.64	8389.55
6/09/2016	65840.13	8401.15
7/09/2016	65159.1	8295.12
8/09/2016	64270.63	8180.96
9/09/2016	65339.94	8317.08
12/09/2016	63377.16	8067.23
13/09/2016	62939.76	8011.56
14/09/2016	62031.86	7895.99
15/09/2016	61281.37	7800.46
16/09/2016	62038.42	7896.83
19/09/2016	61724.74	7856.9
20/09/2016	61149.65	7783.7
21/09/2016	61693.89	7852.97
22/09/2016	62987.07	8017.58
23/09/2016	63286.65	8055.71
26/09/2016	63239.26	8049.68
27/09/2016	62764.44	7989.24
28/09/2016	61983.9	7889.89
29/09/2016	65902.66	8388.7
30/09/2016	66097.94	8413.56
3/10/2016	66974.28	8525.11
4/10/2016	67581.36	8602.38
5/10/2016	67347.05	8572.56
6/10/2016	68673.82	8741.44
7/10/2016	69170.37	8804.65
10/10/2016	68610.75	8733.41
11/10/2016	70205.93	8936.46
12/10/2016	69552.91	8853.34
13/10/2016	68168.59	8677.13
14/10/2016	68170.85	8677.42
17/10/2016	67620.24	8607.33
18/10/2016	67623.83	8607.79
19/10/2016	67606.76	8605.62
20/10/2016	68368.78	8702.61
21/10/2016	67561.46	8599.85
24/10/2016	66567.72	8473.36
25/10/2016	66502.01	8464.99
26/10/2016	64858.23	8255.76
27/10/2016	63719.54	8110.82
28/10/2016	64776.29	8245.33
31/10/2016	64593.57	8222.07
1/11/2016	64257.16	8179.25
2/11/2016	63093.43	8031.12
3/11/2016	63544.72	8088.56
4/11/2016	62971.52	8015.6
7/11/2016	64193.75	8171.18
8/11/2016	65153.27	8293.31
9/11/2016	62654.41	7975.24
10/11/2016	64717.03	8237.79
11/11/2016	65196.55	8298.82
14/11/2016	65110.36	8287.85
15/11/2016	65746.47	8368.82
16/11/2016	67285.75	8564.76
17/11/2016	66475.74	8461.65
18/11/2016	66441.95	8457.35
21/11/2016	67565.9	8600.42
22/11/2016	69309.91	8822.41
23/11/2016	70175.84	8932.63
24/11/2016	69821.93	8887.58
25/11/2016	70015.65	8912.24
28/11/2016	68660.87	8739.79
29/11/2016	68284.83	8691.93
30/11/2016	66963.52	8523.74
1/12/2016	71788.12	9137.86
2/12/2016	70916.11	9026.86
5/12/2016	70253.41	8942.51
6/12/2016	70611.42	8988.08
7/12/2016	70113.82	8924.74
8/12/2016	69860.5	8892.49
9/12/2016	70623.08	8989.56
12/12/2016	72635.25	9245.69
13/12/2016	72701.23	9254.09
14/12/2016	72649.91	9247.56
15/12/2016	70186.78	8934.03
16/12/2016	69836.03	8889.38
19/12/2016	70171.25	8932.05
20/12/2016	69868.55	8893.52
21/12/2016	70187.73	8934.15
22/12/2016	70284.53	8946.47
23/12/2016	70758.64	9006.82
28/12/2016	71103.21	9050.68
29/12/2016	71490.57	9099.99
30/12/2016	71039.84	9042.61
3/01/2017	71674.81	9123.44
4/01/2017	71598.33	9113.7
5/01/2017	72461.48	9223.57
6/01/2017	72304.21	9203.55
9/01/2017	73068.78	9300.87
10/01/2017	72555.53	9235.54
11/01/2017	72915.1	9281.31
12/01/2017	73323.64	9333.32
13/01/2017	73636.48	9373.14
16/01/2017	73409.15	9344.2
17/01/2017	73079.81	9302.28
18/01/2017	73867.8	9402.58
19/01/2017	73409.49	9344.24
20/01/2017	72899.99	9279.39
23/01/2017	72604.03	9241.72
24/01/2017	72699.52	9253.87
25/01/2017	72719.94	9256.47
27/01/2017	73244.9	9323.29
30/01/2017	72653.99	9248.08
31/01/2017	71423.85	9091.49
1/02/2017	72132.04	9181.64
2/02/2017	72160.7	9185.29
3/02/2017	71291.82	9074.69
6/02/2017	71135.23	9054.75
7/02/2017	70981.16	9035.14
8/02/2017	70302.92	8948.81
9/02/2017	70668.78	8995.38
10/02/2017	71557.05	9108.45
13/02/2017	72589.73	9239.9
14/02/2017	72504.82	9229.09
15/02/2017	72439.81	9220.81
16/02/2017	72151.26	9184.08
17/02/2017	71823.33	9142.34
20/02/2017	70955.56	9031.88
21/02/2017	70961.89	9032.69
22/02/2017	71548.02	9107.3
23/02/2017	71081.8	9047.95
24/02/2017	70662.89	8994.63
27/02/2017	69322.78	8824.05
28/02/2017	69949.69	8903.85
1/03/2017	69070.31	8791.91
2/03/2017	70296.6	8879.39
3/03/2017	69563.77	8786.82
6/03/2017	69622.72	8774.8
7/03/2017	69691.14	8777.92
8/03/2017	70057.68	8824.09
9/03/2017	69267.07	8724.51
10/03/2017	69612.91	8768.06
13/03/2017	68833.72	8669.92
14/03/2017	69530.82	8757.73
15/03/2017	69674.61	8775.84
16/03/2017	71027.23	8946.21
17/03/2017	70757.86	8912.28
20/03/2017	70518.84	8882.17
21/03/2017	70577.22	8889.52
22/03/2017	69355.52	8735.65
23/03/2017	70270.07	8850.84
24/03/2017	70724.89	8908.12
27/03/2017	71327.42	8984.02
28/03/2017	72360.95	9114.19
29/03/2017	73276.5	9229.51
30/03/2017	73993.56	9319.83
31/03/2017	73312.14	9234
3/04/2017	73279.34	9229.87
4/04/2017	73300.17	9232.49
5/04/2017	74415.11	9372.92
6/04/2017	74135.9	9337.76
7/04/2017	75473.04	9506.18
10/04/2017	76175.53	9594.66
11/04/2017	76524.32	9638.59
12/04/2017	76812.64	9674.9
13/04/2017	75674.41	9531.54
18/04/2017	74528.29	9387.18
19/04/2017	73908.24	9309.08
20/04/2017	73185.79	9218.09
21/04/2017	73391.64	9244.01
24/04/2017	73844.98	9301.11
26/04/2017	74281.18	9356.06
27/04/2017	72998.52	9194.5
28/04/2017	72850.36	9175.84
1/05/2017	72758.85	9164.31
2/05/2017	73507.26	9258.58
3/05/2017	73978.11	9317.88
4/05/2017	74501.63	9383.82
5/05/2017	72785.8	9167.71
8/05/2017	74499.31	9383.53
9/05/2017	75283.78	9482.34
10/05/2017	75793.69	9546.56
11/05/2017	75777.34	9544.5
12/05/2017	74964.34	9442.1
15/05/2017	75244.48	9477.39
16/05/2017	75416.48	9499.05
17/05/2017	74958.53	9441.37
18/05/2017	74497.42	9383.29
19/05/2017	74278.88	9355.77
22/05/2017	75875.01	9556.81
23/05/2017	76066.27	9580.9
24/05/2017	76383.18	9620.81
25/05/2017	77185.65	9721.89
26/05/2017	75863.1	9555.31
29/05/2017	75582.85	9520.01
30/05/2017	75080.63	9456.75
31/05/2017	74319.29	9360.85
1/06/2017	74086.33	9331.51
2/06/2017	74155.12	9340.18
5/06/2017	74304.47	9358.99
6/06/2017	72605.96	9145.05
7/06/2017	72712.67	9158.49
8/06/2017	71958.49	9063.5
9/06/2017	70741.7	8910.24
13/06/2017	72265.82	9102.21
14/06/2017	72091.4	9080.24
15/06/2017	70481.13	8877.42
16/06/2017	70480.5	8877.34
19/06/2017	70331.13	8858.53
20/06/2017	69257.66	8723.32
21/06/2017	67480.22	8499.44
22/06/2017	68014.37	8566.72
23/06/2017	68021.79	8567.66
26/06/2017	68030.13	8568.71
27/06/2017	68004.67	8565.5
28/06/2017	68706.8	8653.94
29/06/2017	70016.66	8818.92
30/06/2017	69166.94	8711.89
3/07/2017	69230.67	8719.92
4/07/2017	70245.44	8847.74
5/07/2017	69669.54	8775.2
6/07/2017	69355.93	8735.7
7/07/2017	67922.08	8555.1
10/07/2017	67932.18	8556.37
11/07/2017	68154.01	8584.31
12/07/2017	68074.96	8574.35
13/07/2017	68328.11	8606.24
14/07/2017	69777.47	8788.79
17/07/2017	70443.84	8872.73
18/07/2017	69617.92	8768.7
19/07/2017	69501.67	8754.05
20/07/2017	70487.26	8878.19
21/07/2017	69731.32	8782.98
24/07/2017	67867.05	8548.17
25/07/2017	67689.67	8525.82
26/07/2017	69677.11	8776.15
27/07/2017	69284.63	8726.72
28/07/2017	68729.92	8656.85
31/07/2017	69418.5	8743.58
1/08/2017	70830.14	8921.38
2/08/2017	70429.5	8870.92
3/08/2017	70150.25	8835.75
4/08/2017	69815.07	8793.53
7/08/2017	70851.6	8924.08
8/08/2017	70510.27	8881.09
9/08/2017	69894.96	8803.59
10/08/2017	69787.22	8790.02
11/08/2017	68947.5	8684.25
14/08/2017	69589.65	8765.14
15/08/2017	68984.7	8688.94
16/08/2017	70835.05	8922
17/08/2017	70593.74	8891.61
18/08/2017	70517.53	8882.01
21/08/2017	70836.16	8922.14
22/08/2017	71280.9	8978.16
23/08/2017	72284.05	9104.51
24/08/2017	72827.25	9107.52
25/08/2017	73757.66	9221.79
28/08/2017	74260.8	9284.7
29/08/2017	74262.46	9284.91
30/08/2017	74445.33	9307.77
31/08/2017	73402.24	9177.36
1/09/2017	73748.1	9220.6
4/09/2017	73527.54	9193.02
5/09/2017	73310.72	9157.37
6/09/2017	73992.48	9242.53
7/09/2017	74276.18	9277.97
8/09/2017	73830.98	9222.36
11/09/2017	74359.04	9265.58
12/09/2017	73865.26	9204.05
13/09/2017	73360.59	9141.17
14/09/2017	73842.54	9201.22
15/09/2017	73243.29	9126.55
18/09/2017	73610.04	9172.25
19/09/2017	73507.05	9159.42
20/09/2017	73054.28	9103
21/09/2017	73416.87	9148.18
22/09/2017	73693.81	9182.69
25/09/2017	73707.35	9184.38
26/09/2017	75118.21	9360.18
27/09/2017	75342.53	9388.13
28/09/2017	74743.65	9313.51
29/09/2017	74246.75	9251.59
2/10/2017	74785.77	9318.76
3/10/2017	74065.03	9228.95
4/10/2017	73254.96	9128.01
5/10/2017	73177.26	9118.33
6/10/2017	74109.94	9234.54
9/10/2017	73963.77	9216.33
10/10/2017	73375.04	9142.97
11/10/2017	74070.35	9229.61
12/10/2017	74756.14	9315.06
13/10/2017	74908.67	9334.07
16/10/2017	75744.49	9438.22
17/10/2017	76162.79	9490.34
18/10/2017	76128.71	9486.09
19/10/2017	76069.04	9478.66
20/10/2017	76035.31	9474.46
23/10/2017	76179.19	9492.38
24/10/2017	75910.72	9458.93
25/10/2017	76855.19	9576.62
26/10/2017	77256.25	9626.59
27/10/2017	77619.18	9671.81
30/10/2017	78716.24	9808.52
31/10/2017	79071.77	9852.82
1/11/2017	79929.79	9959.73
2/11/2017	80636.06	10047.74
3/11/2017	81136.91	10110.14
6/11/2017	81632.03	10171.84
7/11/2017	83834.19	10446.24
8/11/2017	83335.67	10384.12
9/11/2017	83162.98	10362.61
10/11/2017	82357.47	10256.62
13/11/2017	82269.98	10245.72
14/11/2017	80518.1	10027.55
15/11/2017	79179.28	9860.81
16/11/2017	80675.46	10047.14
17/11/2017	80709.77	10046.27
20/11/2017	80795.18	10056.9
21/11/2017	80861.78	10065.19
22/11/2017	81850.53	10188.26
23/11/2017	82424.46	10259.7
24/11/2017	82550.38	10275.38
27/11/2017	82426.34	10259.94
28/11/2017	82285.05	10242.35
29/11/2017	82907.82	10319.87
30/11/2017	82336.99	10248.81
1/12/2017	83734.07	10422.71
4/12/2017	84019.04	10458.19
5/12/2017	83842.62	10436.23
6/12/2017	82523.08	10271.98
7/12/2017	82713.69	10295.7
8/12/2017	83393.25	10380.29
11/12/2017	83656.5	10413.06
12/12/2017	84707.26	10543.85
13/12/2017	84455.3	10512.49
14/12/2017	84801.41	10555.57
15/12/2017	84504.49	10518.61
18/12/2017	84445.06	10511.21
19/12/2017	85107.61	10593.68
20/12/2017	85231.54	10609.11
21/12/2017	86211.43	10731.08
22/12/2017	86634.96	10783.8
27/12/2017	87305.21	10867.23
28/12/2017	87922.55	10944.07
29/12/2017	87598.19	10903.7
2/01/2018	87847.48	10934.73
3/01/2018	88507.27	11016.85
4/01/2018	89753.26	11171.95
5/01/2018	90115.72	11217.06
8/01/2018	90076.7	11212.21
9/01/2018	90668.18	11285.83
10/01/2018	90091.25	11214.02
11/01/2018	89700.79	11165.42
12/01/2018	90301.79	11240.22
15/01/2018	89559.26	11147.8
16/01/2018	88172.14	10975.14
17/01/2018	87786.17	10927.1
18/01/2018	86858.98	10811.68
19/01/2018	86229.37	10733.31
22/01/2018	86167.55	10725.62
23/01/2018	87603.64	10904.37
24/01/2018	88360.34	10998.56
25/01/2018	88441.39	11008.65
29/01/2018	89064.7	11086.24
30/01/2018	87905.57	10941.96
31/01/2018	87142.38	10846.96
1/02/2018	88119.07	10968.53
2/02/2018	90247.06	11233.41
5/02/2018	87940.08	10946.25
6/02/2018	83995.93	10455.31
7/02/2018	85566.38	10650.79
8/02/2018	84073.15	10464.92
9/02/2018	82277.59	10241.42
12/02/2018	81920.39	10196.96
13/02/2018	81723.08	10172.4
14/02/2018	81629.4	10160.74
15/02/2018	83547.26	10399.46
16/02/2018	83245.72	10361.93
19/02/2018	82195.78	10231.24
20/02/2018	82964.88	10326.97
21/02/2018	83442.28	10386.39
22/02/2018	82941.24	10249.63
23/02/2018	83444.98	10300.69
26/02/2018	84145.24	10387.13
27/02/2018	84073.95	10375.74
28/02/2018	83879.08	10351.69
1/03/2018	82061.28	10127.35
2/03/2018	81282.91	10031.29
5/03/2018	81081.91	10006.49
6/03/2018	82710.25	10195.61
7/03/2018	81588.48	10057.33
8/03/2018	81595.4	10055.98
9/03/2018	80632.86	9937.35
12/03/2018	82074.97	10094.95
13/03/2018	81574.34	10033.37
14/03/2018	81230.76	9991.11
15/03/2018	80601.23	9913.68
16/03/2018	80831.92	9942.05
19/03/2018	82164.21	10105.92
20/03/2018	81458.44	10019.11
21/03/2018	82412.63	10136.48
22/03/2018	83444.87	10263.44
23/03/2018	82368.24	10131.02
26/03/2018	82398.33	10134.72
27/03/2018	83032.16	10212.68
28/03/2018	82278.72	10120.01
29/03/2018	81805.71	10061.83
3/04/2018	83571.75	10279.04
4/04/2018	83715.49	10296.72
5/04/2018	84008.94	10332.82
6/04/2018	84524.93	10396.28
9/04/2018	84157.58	10351.1
10/04/2018	85008.05	10455.7
11/04/2018	85828.26	10556.59
12/04/2018	86162.66	10597.72
13/04/2018	86093.85	10589.25
16/04/2018	86874.93	10685.32
17/04/2018	86861.22	10683.64
18/04/2018	87951.4	10814.32
19/04/2018	88545.29	10887.35
20/04/2018	88787.82	10917.17
23/04/2018	88271.34	10853.66
24/04/2018	88943.62	10936.33
26/04/2018	90073.01	11075.19
27/04/2018	90652.07	11146.39
30/04/2018	90646.57	11145.72
1/05/2018	90916.41	11178.9
2/05/2018	90958.5	11184.07
3/05/2018	91688.96	11273.89
4/05/2018	91013.61	11190.85
